Season,Name,Tm,G,PA,AB,H,1B,2B,3B,HR,R,RBI,BB,IBB,SO,HBP,SF,SH,GDP,SB,CS,AVG,playerId
2021,"Todd Frazier","PIT",6,21,17,1,0,1,0,0,3,3,3,0,4,1,0,0,0,0,0,0.058823529,785
2021,"Albert Pujols","LAA",20,76,71,15,10,0,0,5,9,12,3,1,8,2,0,0,2,1,0,0.211267605,1177
2021,"Wilson Ramos","DET",25,91,85,19,9,4,0,6,9,9,4,0,21,0,0,0,1,0,0,0.223529411,1433
2021,"Miguel Cabrera","DET",13,48,43,6,3,1,0,2,3,5,5,0,15,0,0,0,2,0,0,0.139534883,1744
2021,"Matt Moore","PHI",3,4,4,0,0,0,0,0,0,0,0,0,3,0,0,0,0,0,0,0,1890
2021,"Clayton Kershaw","LAD",6,11,10,3,3,0,0,0,1,1,1,0,4,0,0,0,0,0,0,0.3,2036
2021,"David Peralta","ARI",25,104,95,27,17,3,4,3,14,22,9,2,13,0,0,0,3,1,0,0.284210526,2136
2021,"Adam Wainwright","STL",5,7,7,0,0,0,0,0,0,0,0,0,4,0,0,0,1,0,0,0,2233
2021,"Carlos Santana","KCR",24,102,85,21,11,4,0,6,14,20,16,1,15,0,1,0,0,1,0,0.247058823,2396
2021,"Nelson Cruz","MIN",23,87,76,25,15,2,1,7,17,19,6,0,15,2,3,0,2,0,0,0.328947368,2434
2021,"Jhoulys Chacin","COL",2,3,3,0,0,0,0,0,0,0,0,0,1,0,0,0,0,0,0,0,2608
2021,"Manny Pina","MIL",9,29,25,4,1,1,0,2,3,5,3,0,6,0,1,0,1,0,0,0.16,2829
2021,"Ross Detwiler","MIA",1,1,1,0,0,0,0,0,0,0,0,0,1,0,0,0,0,0,0,0,2859
2021,"Roberto Perez","CLE",18,68,56,8,4,1,0,3,6,9,11,0,25,1,0,0,1,1,0,0.142857142,2900
2021,"Tommy Pham","SDP",24,81,67,12,11,1,0,0,4,5,11,0,15,2,1,0,2,2,1,0.179104477,2967
2021,"Mitch Moreland","OAK",22,69,60,15,10,2,0,3,8,11,6,0,16,1,2,0,1,0,0,0.25,3086
2021,"Max Scherzer","WSN",4,8,7,0,0,0,0,0,0,0,0,0,2,0,0,1,0,0,0,0,3137
2021,"David Price","LAD",1,1,0,0,0,0,0,0,0,1,0,0,0,0,1,0,0,0,0,0,3184
2021,"Charlie Culberson","TEX",16,47,44,13,7,4,0,2,2,6,1,0,14,0,0,2,1,1,0,0.295454545,3298
2021,"Matt Joyce","PHI",14,28,21,3,2,1,0,0,1,0,6,0,5,1,0,0,0,0,0,0.142857142,3353
2021,"Anthony Rizzo","CHC",26,109,91,21,12,4,1,4,13,8,16,0,15,0,2,0,2,3,0,0.23076923,3473
2021,"Eric Hosmer","SDP",26,112,100,32,24,5,0,3,10,17,10,0,15,1,1,0,2,2,1,0.32,3516
2021,"Dexter Fowler","LAA",7,21,20,5,5,0,0,0,3,1,1,0,6,0,0,0,0,1,0,0.25,4062
2021,"Michael Brantley","HOU",22,91,87,30,17,10,1,2,17,5,3,0,13,1,0,0,1,0,0,0.344827586,4106
2021,"Jake Arrieta","CHC",6,10,8,0,0,0,0,0,0,0,1,0,7,0,0,1,0,0,0,0,4153
2021,"Ryan Zimmerman","WSN",15,44,42,14,10,1,0,3,5,7,2,0,10,0,0,0,0,0,0,0.333333333,4220
2021,"Joey Votto","CIN",25,104,95,23,12,6,0,5,9,16,9,0,21,0,0,0,1,0,0,0.242105263,4314
2021,"Jed Lowrie","OAK",25,100,90,22,13,6,0,3,14,17,10,0,15,0,0,0,0,0,0,0.244444444,4418
2021,"Starlin Castro","WSN",22,88,83,21,16,4,0,1,3,13,3,0,17,0,2,0,2,0,0,0.253012048,4579
2021,"Charlie Morton","ATL",4,8,8,1,1,0,0,0,1,0,0,0,4,0,0,0,0,0,0,0.125,4676
2021,"Rich Hill","TBR",1,1,1,0,0,0,0,0,0,0,0,0,1,0,0,0,0,0,0,0,4806
2021,"Jarrod Dyson","KCR",10,14,13,4,2,1,1,0,3,0,1,0,3,0,0,0,0,2,0,0.307692307,4866
2021,"Mike Moustakas","CIN",15,59,50,12,6,4,0,2,10,5,7,0,10,1,1,0,1,0,0,0.24,4892
2021,"Ender Inciarte","ATL",10,20,17,5,4,1,0,0,3,0,2,0,3,0,0,1,1,0,0,0.294117647,4922
2021,"Jon Lester","WSN",1,1,1,0,0,0,0,0,0,0,0,0,0,0,0,0,0,0,0,0,4930
2021,"Jason Heyward","CHC",24,86,79,16,9,4,1,2,10,7,7,0,21,0,0,0,0,2,0,0.202531645,4940
2021,"Giancarlo Stanton","NYY",23,100,93,25,16,3,0,6,13,15,7,1,27,0,0,0,4,0,0,0.268817204,4949
2021,"Asdrubal Cabrera","ARI",23,91,74,19,11,6,0,2,14,12,16,1,14,0,1,0,0,0,0,0.256756756,4962
2021,"Stephen Vogt","ARI",12,39,35,7,4,0,0,3,6,8,4,0,9,0,0,0,0,0,0,0.2,5000
2021,"Jake Diekman","OAK",1,1,1,0,0,0,0,0,0,0,0,0,1,0,0,0,0,0,0,0,5003
2021,"Josh Donaldson","MIN",13,49,42,12,9,1,0,2,5,5,6,0,4,0,1,0,3,0,0,0.285714285,5038
2021,"Justin Upton","LAA",21,87,78,18,11,2,0,5,11,12,7,0,25,1,1,0,2,0,0,0.23076923,5222
2021,"Jon Jay","LAA",2,8,8,1,1,0,0,0,0,0,0,0,2,0,0,0,0,0,0,0.125,5227
2021,"Justin Turner","LAD",25,110,94,31,18,7,0,6,17,20,13,0,24,1,2,0,1,0,0,0.329787234,5235
2021,"Robbie Grossman","DET",26,106,85,18,13,3,0,2,8,7,18,1,28,2,1,0,0,4,0,0.211764705,5254
2021,"Sandy Leon","MIA",8,24,23,7,7,0,0,0,1,0,1,0,5,0,0,0,1,0,0,0.304347826,5273
2021,"Aaron Hicks","NYY",23,95,84,13,7,2,0,4,8,10,9,0,23,1,1,0,2,0,0,0.154761904,5297
2021,"Brandon Crawford","SFG",22,79,73,15,9,2,0,4,10,10,5,1,20,1,0,0,3,2,0,0.205479452,5343
2021,"Freddie Freeman","ATL",26,113,93,22,12,3,0,7,15,18,19,3,15,1,0,0,2,1,0,0.236559139,5361
2021,"Michael Pineda","MIN",1,2,2,0,0,0,0,0,0,0,0,0,1,0,0,0,1,0,0,0,5372
2021,"Juan Lagares","LAA",2,7,7,0,0,0,0,0,0,0,0,0,1,0,0,0,0,0,0,0,5384
2021,"Pablo Sandoval","ATL",19,24,20,6,3,0,0,3,5,8,4,0,8,0,0,0,0,0,0,0.3,5409
2021,"Jose Altuve","HOU",16,73,66,18,14,3,0,1,12,8,5,0,11,0,2,0,1,1,1,0.272727272,5417
2021,"Austin Romine","CHC",5,9,9,1,0,1,0,0,1,1,0,0,3,0,0,0,0,0,0,0.111111111,5491
2021,"Marwin Gonzalez","BOS",22,85,70,13,9,3,0,1,10,6,10,0,16,4,1,0,2,2,0,0.185714285,5497
2021,"Kyle Higashioka","NYY",11,37,31,8,2,2,0,4,6,6,6,0,8,0,0,0,0,0,0,0.258064516,5517
2021,"Madison Bumgarner","ARI",7,13,11,2,1,1,0,0,1,0,2,0,6,0,0,0,0,0,0,0.181818181,5524
2021,"Hernan Perez","WSN",10,21,19,1,1,0,0,0,1,0,2,0,10,0,0,0,0,0,0,0.052631578,5751
2021,"Avisail Garcia","MIL",23,93,82,16,11,2,0,3,13,10,9,1,26,1,1,0,1,2,2,0.195121951,5760
2021,"Wilmer Flores","SFG",26,64,56,12,8,3,0,1,8,7,6,0,7,1,1,0,2,0,0,0.214285714,5827
2021,"Leury Garcia","CHW",17,60,58,12,10,2,0,0,10,7,1,0,16,0,0,1,2,2,0,0.206896551,5913
2021,"Jean Segura","PHI",17,64,60,20,15,4,0,1,7,5,3,1,10,0,1,0,4,1,0,0.333333333,5933
2021,"Didi Gregorius","PHI",21,83,76,19,15,2,0,2,4,14,2,1,16,2,3,0,2,1,0,0.25,6012
2021,"Eduardo Escobar","ARI",25,109,99,25,12,5,1,7,19,16,9,0,20,0,1,0,1,1,0,0.252525252,6153
2021,"J.D. Martinez","BOS",25,106,94,33,14,10,0,9,21,25,11,0,23,1,0,0,6,0,0,0.351063829,6184
2021,"Trevor Cahill","PIT",3,3,3,0,0,0,0,0,0,0,0,0,1,0,0,0,0,0,0,0,6249
2021,"Jordy Mercer","WSN",8,19,19,6,6,0,0,0,1,0,0,0,4,0,0,0,0,0,0,0.315789473,6547
2021,"Freddy Galvis","BAL",22,79,72,19,10,6,1,2,10,6,6,0,19,0,0,1,0,1,0,0.263888888,6609
2021,"Martin Maldonado","HOU",18,64,59,6,4,1,1,0,4,0,5,0,27,0,0,0,1,0,0,0.101694915,6887
2021,"Johnny Cueto","SFG",2,5,4,0,0,0,0,0,0,0,0,0,2,0,0,1,0,0,0,0,6893
2021,"Chase Anderson","PHI",5,6,6,0,0,0,0,0,0,0,0,0,3,0,0,0,0,0,0,0,6895
2021,"Yadier Molina","STL",19,71,65,21,11,5,0,5,13,14,5,0,15,0,1,0,0,0,0,0.323076923,7007
2021,"Craig Stammen","SDP",3,3,2,1,1,0,0,0,0,0,0,0,1,0,0,1,0,0,0,0.5,7274
2021,"Salvador Perez","KCR",24,102,97,26,15,6,0,5,12,13,4,0,28,1,0,0,1,0,0,0.268041237,7304
2021,"Sean Kazmar Jr.","ATL",1,1,1,0,0,0,0,0,0,0,0,0,0,0,0,0,1,0,0,0,7349
2021,"Alex Avila","WSN",6,21,16,2,0,2,0,0,0,2,4,0,4,1,0,0,2,0,0,0.125,7476
2021,"Travis d'Arnaud","ATL",22,84,79,17,11,4,0,2,5,11,4,0,19,0,1,0,4,0,0,0.215189873,7739
2021,"Miguel Rojas","MIA",25,102,89,22,15,6,1,0,14,8,11,0,13,2,0,0,1,4,1,0.247191011,7802
2021,"Charlie Blackmon","COL",23,89,76,14,7,6,0,1,6,11,11,1,13,2,0,0,1,0,0,0.184210526,7859
2021,"Jonathan Lucroy","WSN",5,14,14,5,4,1,0,0,0,2,0,0,2,0,0,0,0,0,0,0.357142857,7870
2021,"Josh Lindblom","MIL",1,1,1,0,0,0,0,0,0,0,0,0,1,0,0,0,0,0,0,0,7882
2021,"Eric Sogard","CHC",24,48,44,11,9,1,1,0,8,4,3,1,9,0,1,0,0,1,0,0.25,7927
2021,"Matt Carpenter","STL",24,52,43,5,2,0,0,3,7,10,6,1,18,2,1,0,0,0,0,0.116279069,8090
2021,"Josh Harrison","WSN",15,62,54,18,14,2,0,2,7,8,5,0,8,3,0,0,0,0,2,0.333333333,8202
2021,"Brett Anderson","MIL",3,7,6,0,0,0,0,0,0,1,1,0,3,0,0,0,1,0,0,0,8223
2021,"Paolo Espino","WSN",1,1,1,0,0,0,0,0,0,0,0,0,1,0,0,0,0,0,0,0,8246
2021,"Kurt Suzuki","LAA",13,47,40,9,7,1,0,1,3,4,3,0,10,2,1,1,3,0,0,0.225,8259
2021,"Ehire Adrianza","ATL",19,42,35,9,4,2,1,2,7,8,3,0,5,0,3,1,1,0,0,0.257142857,8418
2021,"Donovan Solano","SFG",17,54,50,15,11,4,0,0,5,3,2,0,11,1,1,0,1,1,0,0.3,8623
2021,"Elvis Andrus","OAK",26,94,86,13,10,3,0,0,7,4,6,1,19,0,2,0,2,3,0,0.15116279,8709
2021,"Jason Castro","HOU",11,36,29,6,2,2,0,2,6,7,6,0,11,1,0,0,1,0,0,0.206896551,8722
2021,"Wade Miley","CIN",5,11,11,2,2,0,0,0,2,0,0,0,5,0,0,0,0,0,0,0.181818181,8779
2021,"Lorenzo Cain","MIL",7,28,26,4,1,1,0,2,5,4,2,0,5,0,0,0,0,1,0,0.153846153,9077
2021,"Buster Posey","SFG",17,67,61,22,13,3,0,6,14,9,5,0,11,1,0,0,5,0,0,0.360655737,9166
2021,"Paul Goldschmidt","STL",25,109,103,22,15,4,0,3,14,14,6,0,28,0,0,0,3,1,0,0.213592233,9218
2021,"Starling Marte","MIA",16,70,58,18,13,2,1,2,15,8,8,0,14,3,1,0,1,3,1,0.310344827,9241
2021,"AJ Pollock","LAD",22,77,72,19,14,3,0,2,10,7,5,1,22,0,0,0,1,2,0,0.263888888,9256
2021,"Patrick Corbin","WSN",4,7,6,2,2,0,0,0,0,0,1,0,2,0,0,0,0,0,0,0.333333333,9323
2021,"Brock Holt","TEX",14,49,40,10,8,2,0,0,2,4,8,0,11,1,0,0,1,2,0,0.25,9345
2021,"Evan Longoria","SFG",22,76,65,19,10,5,0,4,13,12,11,2,17,0,0,0,2,0,0,0.292307692,9368
2021,"Matt Adams","COL",2,2,2,0,0,0,0,0,0,0,0,0,1,0,0,0,0,0,0,0,9393
2021,"Yan Gomes","WSN",11,43,40,8,6,1,0,1,3,5,2,1,7,1,0,0,1,0,0,0.2,9627
2021,"Christian Vazquez","BOS",23,89,84,20,14,4,0,2,12,7,5,0,16,0,0,0,4,2,0,0.238095238,9774
2021,"Nolan Arenado","STL",26,110,102,26,14,8,0,4,10,15,7,1,19,1,0,0,4,0,0,0.25490196,9777
2021,"Garrett Richards","BOS",1,2,2,0,0,0,0,0,0,0,0,0,0,0,0,0,0,0,0,0,9784
2021,"Kyle Seager","SEA",27,114,104,26,12,9,1,4,8,20,7,0,25,2,1,0,0,1,0,0.25,9785
2021,"Andrew McCutchen","PHI",22,93,77,13,10,1,1,1,7,8,15,0,24,0,1,0,3,2,0,0.168831168,9847
2021,"DJ LeMahieu","NYY",24,109,96,26,20,5,0,1,14,6,13,0,16,0,0,0,4,0,0,0.270833333,9874
2021,"Jay Bruce","NYY",10,39,34,4,2,1,0,1,3,3,5,0,13,0,0,0,2,0,0,0.117647058,9892
2021,"Brett Gardner","NYY",14,52,45,9,7,2,0,0,5,1,6,0,13,0,0,1,0,0,0,0.2,9927
2021,"Darin Ruf","SFG",20,44,35,6,2,1,0,3,8,9,7,1,13,1,1,0,3,1,0,0.171428571,9929
2021,"Mike Minor","KCR",1,3,3,0,0,0,0,0,0,0,0,0,1,0,0,0,0,0,0,0,10021
2021,"Chris Owings","COL",7,17,15,8,2,3,3,0,6,3,2,0,2,0,0,0,0,2,0,0.533333333,10030
2021,"Wil Myers","SDP",26,90,79,21,13,4,0,4,12,13,11,0,22,0,0,0,3,4,1,0.265822784,10047
2021,"Max Stassi","LAA",7,22,19,6,5,0,0,1,3,1,3,0,5,0,0,0,1,0,0,0.315789473,10059
2021,"Jonathan Villar","NYM",18,41,39,9,4,3,1,1,5,4,1,0,14,1,0,0,0,0,1,0.23076923,10071
2021,"Stephen Strasburg","WSN",2,3,3,1,0,1,0,0,0,0,0,0,0,0,0,0,0,0,0,0.333333333,10131
2021,"Mike Trout","LAA",21,88,73,31,17,8,0,6,18,14,14,3,23,1,0,0,0,0,0,0.424657534,10155
2021,"Billy Hamilton","CHW",9,18,15,3,3,0,0,0,2,2,2,0,3,0,0,1,0,2,0,0.2,10199
2021,"Tucker Barnhart","CIN",19,64,56,16,9,5,0,2,11,9,6,0,23,2,0,0,2,0,0,0.285714285,10200
2021,"Jose Iglesias","LAA",24,95,93,25,21,2,0,2,12,6,2,0,15,0,0,0,3,1,0,0.268817204,10231
2021,"Randal Grichuk","TOR",23,93,85,24,15,4,0,5,11,17,7,0,18,0,1,0,1,0,1,0.282352941,10243
2021,"Brandon Belt","SFG",25,81,66,14,7,3,0,4,10,11,14,0,25,0,1,0,1,2,1,0.212121212,10264
2021,"Zack Wheeler","PHI",5,12,12,2,1,1,0,0,1,2,0,0,6,0,0,0,0,0,0,0.166666666,10310
2021,"Marcell Ozuna","ATL",26,112,99,20,15,2,0,3,10,15,12,0,28,1,0,0,1,0,0,0.202020202,10324
2021,"Enrique Hernandez","BOS",25,107,100,23,13,6,1,3,16,8,5,0,24,1,1,0,1,0,0,0.23,10472
2021,"Jimmy Nelson","LAD",1,1,1,0,0,0,0,0,0,0,0,0,1,0,0,0,0,0,0,0,10547
2021,"Cesar Hernandez","CLE",24,105,91,16,12,3,0,1,12,4,14,0,19,0,0,0,1,0,0,0.175824175,10556
2021,"Gio Urshela","NYY",24,95,88,24,16,4,0,4,8,16,6,0,24,0,1,0,2,1,0,0.272727272,10681
2021,"Corey Dickerson","MIA",25,86,76,25,18,5,1,1,11,7,8,0,16,2,0,0,1,1,2,0.328947368,10762
2021,"Jurickson Profar","SDP",27,105,86,21,17,3,1,0,13,9,15,1,17,0,2,1,6,5,0,0.244186046,10815
2021,"Andrelton Simmons","MIN",14,53,45,12,8,4,0,0,7,4,7,0,8,1,0,0,3,0,0,0.266666666,10847
2021,"Adam Duvall","MIA",24,90,85,16,8,3,1,4,9,14,4,0,33,1,0,0,2,1,0,0.188235294,10950
2021,"Jacob deGrom","NYM",5,13,13,6,5,1,0,0,3,2,0,0,3,0,0,0,0,0,0,0.461538461,10954
2021,"Kevin Kiermaier","TBR",16,57,53,11,9,1,1,0,6,3,3,1,20,1,0,0,2,1,0,0.207547169,11038
2021,"Merrill Kelly","ARI",5,11,11,0,0,0,0,0,0,0,0,0,5,0,0,0,0,0,0,0,11156
2021,"Vince Velasquez","PHI",3,5,3,1,1,0,0,0,0,0,1,0,2,0,0,1,0,0,0,0.333333333,11189
2021,"Kole Calhoun","ARI",13,51,48,14,9,3,0,2,6,5,3,0,13,0,0,0,1,1,0,0.291666666,11200
2021,"Adam Eaton","CHW",22,97,86,20,12,4,1,3,16,18,7,0,21,3,0,1,1,1,0,0.232558139,11205
2021,"Jonathan Schoop","DET",24,87,81,16,13,1,0,2,8,6,4,0,26,0,2,0,1,0,0,0.197530864,11265
2021,"Whit Merrifield","KCR",24,107,95,26,19,4,0,3,16,15,7,1,10,1,4,0,0,8,1,0.27368421,11281
2021,"Jake Marisnick","CHC",18,49,44,11,4,3,2,2,7,10,4,0,16,1,0,0,0,1,1,0.25,11339
2021,"Jesus Aguilar","MIA",25,104,86,25,15,5,0,5,12,24,15,2,14,0,3,0,2,0,0,0.290697674,11342
2021,"Yasmani Grandal","CHW",17,69,55,7,3,2,0,2,8,9,13,0,14,0,0,1,4,0,0,0.127272727,11368
2021,"Ronald Torreyes","PHI",3,5,5,1,1,0,0,0,0,0,0,0,3,0,0,0,0,0,0,0.2,11400
2021,"Gary Sanchez","NYY",18,70,58,11,8,1,0,2,7,4,10,1,15,2,0,0,0,0,0,0.189655172,11442
2021,"Mark Canha","OAK",26,116,95,23,16,3,1,3,24,7,15,0,28,6,0,0,1,4,1,0.242105263,11445
2021,"Tony Wolters","CHC",7,11,8,0,0,0,0,0,2,0,3,0,3,0,0,0,1,0,0,0,11470
2021,"Odubel Herrera","PHI",5,15,14,1,1,0,0,0,0,0,1,0,3,0,0,0,0,0,0,0.071428571,11476
2021,"Christian Yelich","MIL",9,37,30,10,9,1,0,0,8,1,6,0,12,1,0,0,0,2,0,0.333333333,11477
2021,"Michael A. Taylor","KCR",22,84,77,20,17,1,0,2,10,7,7,0,20,0,0,0,1,3,0,0.259740259,11489
2021,"Aaron Sanchez","SFG",5,7,7,0,0,0,0,0,0,0,0,0,5,0,0,0,0,0,0,0,11490
2021,"Manny Machado","SDP",26,116,100,24,18,2,1,3,13,14,15,1,21,0,1,0,3,5,1,0.24,11493
2021,"Bryce Harper","PHI",23,96,78,25,14,5,0,6,17,10,16,2,19,2,0,0,2,2,0,0.32051282,11579
2021,"Willson Contreras","CHC",25,99,84,20,11,2,0,7,16,16,8,1,28,5,2,0,3,2,1,0.238095238,11609
2021,"Brandon Drury","NYM",1,1,1,0,0,0,0,0,0,0,0,0,1,0,0,0,0,0,0,0,11615
2021,"Heath Hembree","CIN",1,1,1,0,0,0,0,0,0,0,0,0,1,0,0,0,0,0,0,0,11632
2021,"Elias Diaz","COL",14,44,39,4,3,1,0,0,3,1,5,0,13,0,0,0,1,0,0,0.102564102,11680
2021,"Carlos Martinez","STL",5,8,8,1,0,1,0,0,0,0,0,0,5,0,0,0,0,0,0,0.125,11682
2021,"Matt Harvey","BAL",1,2,2,0,0,0,0,0,0,0,0,0,1,0,0,0,0,0,0,0,11713
2021,"Nick Castellanos","CIN",23,101,95,29,15,6,1,7,17,16,5,0,20,1,0,0,2,1,0,0.305263157,11737
2021,"J.T. Realmuto","PHI",25,87,73,24,16,5,1,2,9,11,10,1,17,3,1,0,0,2,0,0.328767123,11739
2021,"Kyle Ryan","CHC",1,1,1,0,0,0,0,0,0,0,0,0,0,0,0,0,0,0,0,0,11753
2021,"Drew Smyly","ATL",3,5,4,0,0,0,0,0,0,0,0,0,4,0,0,1,0,0,0,0,11760
2021,"Taijuan Walker","NYM",5,9,9,0,0,0,0,0,0,0,0,0,5,0,0,0,1,0,0,0,11836
2021,"Joc Pederson","CHC",16,61,51,7,5,0,1,1,5,4,7,0,20,2,1,0,0,0,0,0.137254901,11899
2021,"Hanser Alberto","KCR",19,51,49,11,5,4,2,0,5,5,0,0,6,1,0,1,0,0,1,0.224489795,11902
2021,"Joe Panik","TOR",15,42,41,11,8,3,0,0,2,3,1,0,6,0,0,0,1,0,0,0.268292682,11936
2021,"Travis Shaw","MIL",24,94,86,18,11,3,0,4,8,19,6,0,27,2,0,0,1,0,0,0.209302325,11982
2021,"Jon Berti","MIA",23,69,58,12,6,4,0,2,10,8,9,0,17,1,1,0,0,0,2,0.206896551,12037
2021,"Kyle Hendricks","CHC",5,7,6,0,0,0,0,0,0,0,0,0,5,0,0,1,0,0,0,0,12049
2021,"Niko Goodrum","DET",20,74,68,13,7,2,1,3,9,5,5,0,31,1,0,0,2,1,1,0.19117647,12092
2021,"Max Kepler","MIN",15,58,50,11,6,4,1,0,6,8,6,1,13,1,1,0,0,3,0,0.22,12144
2021,"Nick Ahmed","ARI",18,64,62,10,7,3,0,0,5,4,2,0,13,0,0,0,2,1,1,0.161290322,12147
2021,"Eddie Rosario","CLE",24,96,89,20,14,3,1,2,10,14,6,0,19,0,1,0,1,5,0,0.224719101,12155
2021,"Austin Barnes","LAD",15,47,38,9,8,1,0,0,2,5,9,0,12,0,0,0,2,0,0,0.236842105,12158
2021,"Ben Gamel","CLE",8,17,14,1,0,1,0,0,1,0,3,0,6,0,0,0,1,0,0,0.071428571,12160
2021,"Xander Bogaerts","BOS",25,103,97,32,19,9,0,4,11,13,6,1,19,0,0,0,2,1,0,0.329896907,12161
2021,"Miguel Sano","MIN",15,58,45,5,3,0,0,2,6,4,13,0,20,0,0,0,1,0,0,0.111111111,12164
2021,"Maikel Franco","BAL",25,104,95,23,14,6,0,3,7,17,9,0,21,0,0,0,1,0,0,0.242105263,12179
2021,"Jorge Alfaro","MIA",11,40,39,8,7,1,0,0,1,3,1,0,14,0,0,0,0,1,0,0.205128205,12180
2021,"Scott Schebler","LAA",8,26,26,4,1,3,0,0,2,0,0,0,10,0,0,0,0,0,0,0.153846153,12225
2021,"Rougned Odor","NYY",16,59,52,10,6,0,0,4,7,11,5,0,9,2,0,0,2,0,0,0.192307692,12282
2021,"Chris Bassitt","OAK",1,2,2,0,0,0,0,0,0,0,0,0,2,0,0,0,0,0,0,0,12304
2021,"Jace Peterson","MIL",10,28,24,5,3,0,0,2,3,4,4,0,9,0,0,0,0,0,0,0.208333333,12325
2021,"Tommy La Stella","SFG",23,71,64,14,10,3,0,1,6,3,6,0,9,0,0,0,0,0,0,0.21875,12371
2021,"Kevin Pillar","NYM",13,28,26,3,3,0,0,0,3,0,1,0,7,1,0,0,1,1,1,0.115384615,12434
2021,"Curt Casali","SFG",12,36,31,4,3,1,0,0,1,5,5,0,9,0,0,0,1,0,0,0.129032258,12510
2021,"Kolten Wong","MIL",14,56,48,15,9,4,0,2,8,4,6,0,7,2,0,0,0,2,0,0.3125,12532
2021,"Marcus Semien","TOR",24,107,95,20,15,0,0,5,11,10,11,0,27,0,1,0,0,6,0,0.210526315,12533
2021,"C.J. Cron","COL",24,93,80,22,14,4,0,4,15,13,12,0,20,1,0,0,1,0,0,0.275,12546
2021,"Eugenio Suarez","CIN",24,105,92,12,4,4,0,4,14,9,10,0,40,2,1,0,1,0,0,0.130434782,12552
2021,"Trevor Story","COL",26,104,94,25,14,7,2,2,12,14,8,1,22,0,2,0,1,2,2,0.265957446,12564
2021,"Nick Ramirez","SDP",1,1,1,0,0,0,0,0,0,0,0,0,0,0,0,0,0,0,0,0,12575
2021,"Alex Dickerson","SFG",26,73,67,15,11,1,0,3,8,11,4,0,16,2,0,0,3,0,0,0.223880597,12649
2021,"Trevor Bauer","LAD",5,14,10,0,0,0,0,0,0,1,1,0,4,0,0,3,0,0,0,0,12703
2021,"Adrian Houser","MIL",5,8,7,2,1,0,0,1,1,1,0,0,4,0,0,1,0,0,0,0.285714285,12718
2021,"Sonny Gray","CIN",3,5,4,0,0,0,0,0,0,0,1,0,2,0,0,0,0,0,0,0,12768
2021,"Brad Miller","PHI",16,39,37,12,10,0,0,2,6,5,2,0,15,0,0,0,2,0,0,0.324324324,12775
2021,"George Springer","TOR",2,10,7,1,1,0,0,0,1,0,2,0,2,0,0,0,0,1,0,0.142857142,12856
2021,"James McCann","NYM",17,62,56,12,11,0,0,1,2,4,6,0,15,0,0,0,4,0,0,0.214285714,12859
2021,"Anthony Rendon","LAA",12,54,47,11,9,1,0,1,6,6,6,0,10,0,1,0,2,0,0,0.234042553,12861
2021,"Tyler Anderson","PIT",4,8,8,0,0,0,0,0,0,0,0,0,7,0,0,0,0,0,0,0,12880
2021,"Gregory Polanco","PIT",21,78,69,14,9,2,0,3,11,4,9,0,23,0,0,0,1,3,0,0.20289855,12907
2021,"Francisco Lindor","NYM",21,93,77,14,12,1,0,1,8,3,12,1,11,1,1,2,1,0,1,0.181818181,12916
2021,"Brandon Nimmo","NYM",20,81,67,24,16,6,0,2,8,10,12,0,21,1,0,1,0,2,1,0.358208955,12927
2021,"Phillip Evans","PIT",23,94,82,19,13,2,0,4,13,7,8,0,21,4,0,0,2,1,0,0.231707317,12950
2021,"Joe Musgrove","SDP",6,8,8,1,1,0,0,0,1,0,0,0,5,0,0,0,0,0,0,0.125,12970
2021,"Joe Ross","WSN",4,9,9,3,3,0,0,0,1,1,0,0,4,0,0,0,0,0,0,0.333333333,12972
2021,"Austin Hedges","CLE",7,23,20,2,1,0,0,1,2,2,2,1,9,0,0,1,0,0,0,0.1,12976
2021,"Michael Perez","PIT",8,25,21,4,2,1,0,1,2,3,3,0,8,1,0,0,0,0,0,0.19047619,12977
2021,"Javier Baez","2 Tms",23,94,86,21,12,2,1,6,14,21,1,0,36,4,2,0,0,5,0,0.244186046,12979
2021,"Cam Gallagher","KCR",7,14,13,1,0,1,0,0,0,1,0,0,3,0,1,0,0,0,0,0.076923076,12981
2021,"Jackie Bradley Jr.","MIL",24,95,87,18,11,3,2,2,12,4,2,0,28,6,0,0,0,1,1,0.206896551,12984
2021,"Anthony DeSclafani","SFG",7,13,11,0,0,0,0,0,0,0,0,0,6,0,0,2,0,0,0,0,13050
2021,"Teoscar Hernandez","TOR",8,34,34,8,6,0,0,2,4,5,0,0,15,0,0,0,0,0,0,0.235294117,13066
2021,"Yu Darvish","SDP",6,14,14,0,0,0,0,0,0,0,0,0,7,0,0,0,0,0,0,0,13074
2021,"Josh Bell","WSN",15,60,53,6,2,2,0,2,12,5,5,0,17,1,1,0,1,0,0,0.113207547,13145
2021,"Jorge Polanco","MIN",23,97,87,18,13,4,0,1,12,10,6,0,15,2,2,0,0,2,1,0.206896551,13152
2021,"Robel Garcia","HOU",8,13,12,2,2,0,0,0,1,1,1,0,3,0,0,0,0,0,0,0.166666666,13167
2021,"Zach Davies","CHC",5,6,5,1,1,0,0,0,1,0,0,0,3,0,0,1,0,0,0,0.2,13183
2021,"Orlando Arcia","MIL",4,11,11,1,1,0,0,0,0,1,0,0,3,0,0,0,0,0,0,0.09090909,13185
2021,"Mike Zunino","TBR",15,57,51,11,4,2,0,5,12,10,5,0,18,1,0,0,0,0,0,0.215686274,13265
2021,"Max Muncy","LAD",26,111,81,18,12,2,1,3,15,11,27,3,23,3,0,0,0,0,0,0.222222222,13301
2021,"Ildemaro Vargas","CHC",2,2,2,0,0,0,0,0,0,0,0,0,0,0,0,0,0,0,0,0,13324
2021,"Jake Lamb","CHW",7,22,18,3,3,0,0,0,3,0,4,0,5,0,0,0,1,0,0,0.166666666,13329
2021,"Omar Narvaez","MIL",22,79,68,25,20,2,0,3,7,11,8,0,10,2,1,0,1,0,0,0.367647058,13338
2021,"Luke Maile","MIL",1,1,1,0,0,0,0,0,0,1,0,0,0,0,0,0,0,0,0,0,13355
2021,"Tyler Naquin","CIN",21,74,64,17,10,1,0,6,10,19,7,0,19,2,1,0,0,1,1,0.265625,13359
2021,"Stephen Piscotty","OAK",20,62,57,12,7,3,0,2,5,5,4,0,19,1,0,0,1,1,0,0.210526315,13367
2021,"Erik Gonzalez","PIT",24,81,79,18,11,5,0,2,5,14,2,0,13,0,0,0,3,0,0,0.227848101,13369
2021,"Christian Walker","ARI",10,44,39,7,5,1,0,1,6,3,4,0,10,0,1,0,1,0,0,0.179487179,13419
2021,"Marcus Stroman","NYM",5,11,10,1,0,1,0,0,0,0,1,0,4,0,0,0,0,0,0,0.1,13431
2021,"Lucas Sims","CIN",1,1,1,0,0,0,0,0,0,0,0,0,0,0,0,0,0,0,0,0,13470
2021,"Tom Murphy","SEA",16,52,48,7,3,2,0,2,6,4,3,0,19,0,0,0,1,0,0,0.145833333,13499
2021,"Jose Ramirez","CLE",24,100,88,23,13,2,1,7,14,14,10,1,10,0,2,0,2,4,0,0.261363636,13510
2021,"Blake Snell","SDP",4,5,5,1,1,0,0,0,0,0,0,0,2,0,0,0,0,0,0,0.2,13543
2021,"Roman Quinn","PHI",20,44,36,3,2,1,0,0,4,0,5,0,13,3,0,0,0,4,3,0.083333333,13546
2021,"Jesse Winker","CIN",20,87,81,30,18,5,1,6,16,16,6,0,19,0,0,0,0,0,0,0.37037037,13590
2021,"Mookie Betts","LAD",19,99,84,21,12,7,0,2,14,5,12,0,17,3,0,0,0,3,1,0.25,13611
2021,"Ketel Marte","ARI",6,28,26,12,6,4,0,2,5,5,2,0,4,0,0,0,1,0,0,0.461538461,13613
2021,"Jakob Junis","KCR",1,2,1,0,0,0,0,0,0,0,0,0,1,0,0,1,0,0,0,0,13619
2021,"Carson Kelly","ARI",19,73,53,18,10,2,0,6,13,14,15,1,10,4,1,0,3,0,0,0.339622641,13620
2021,"Jeimer Candelario","DET",27,109,100,26,20,5,0,1,10,7,9,0,26,0,0,0,2,0,0,0.26,13621
2021,"Corey Seager","LAD",25,116,102,26,15,6,1,4,14,17,13,1,19,1,0,0,3,1,0,0.25490196,13624
2021,"Tyrone Taylor","MIL",13,30,26,9,5,2,0,2,2,7,2,0,7,2,0,0,0,1,0,0.346153846,13675
2021,"John Gant","STL",5,8,5,0,0,0,0,0,0,0,0,0,2,0,0,3,0,0,0,0,13684
2021,"Sal Romano","CIN",1,1,1,0,0,0,0,0,0,0,0,0,0,0,0,0,0,0,0,0,13690
2021,"Jacob Stallings","PIT",21,77,63,15,8,6,0,1,7,8,14,0,17,0,0,0,1,0,0,0.238095238,13723
2021,"Max Fried","ATL",3,5,5,2,1,1,0,0,2,1,0,0,2,0,0,0,0,0,0,0.4,13743
2021,"David Dahl","TEX",23,90,83,16,11,3,0,2,9,7,3,0,24,1,2,1,2,0,1,0.192771084,13744
2021,"Tomas Nido","NYM",5,11,10,1,0,0,1,0,1,0,0,0,1,1,0,0,0,0,0,0.1,13755
2021,"Chris Taylor","LAD",23,96,80,20,10,4,2,4,19,13,13,1,23,3,0,0,2,2,0,0.25,13757
2021,"Zach Eflin","PHI",5,11,9,0,0,0,0,0,1,1,0,0,3,1,0,1,0,0,0,0,13774
2021,"Alex Wood","SFG",3,7,5,0,0,0,0,0,0,0,1,0,4,0,0,1,0,0,1,0,13781
2021,"Kevin Plawecki","BOS",8,27,25,5,4,1,0,0,3,0,0,0,4,1,0,1,2,0,0,0.2,13807
2021,"Alec Mills","CHC",3,5,5,0,0,0,0,0,0,0,0,0,4,0,0,0,0,0,0,0,13834
2021,"Matt Duffy","CHC",21,48,39,11,10,1,0,0,6,4,7,0,6,2,0,0,5,1,0,0.282051282,13836
2021,"Joey Wendle","TBR",23,88,83,26,15,8,0,3,17,16,2,0,18,2,1,0,4,0,1,0.313253012,13853
2021,"Anthony Bemboom","LAA",6,20,19,5,5,0,0,0,1,1,1,0,6,0,0,0,1,0,0,0.263157894,13854
2021,"Brent Suter","MIL",3,3,3,0,0,0,0,0,0,0,0,0,3,0,0,0,0,0,0,0,13942
2021,"Rio Ruiz","BAL",21,72,65,10,6,2,0,2,7,5,7,0,23,0,0,0,2,2,0,0.153846153,14103
2021,"Kevin Gausman","SFG",4,9,9,0,0,0,0,0,0,0,0,0,7,0,0,0,0,0,0,0,14107
2021,"Albert Almora Jr.","NYM",6,8,7,1,1,0,0,0,1,0,1,0,3,0,0,0,0,0,0,0.142857142,14109
2021,"Joey Gallo","TEX",26,110,83,18,15,1,0,2,13,9,24,1,40,3,0,0,1,2,0,0.216867469,14128
2021,"Daniel Vogelbach","MIL",24,55,49,9,6,1,0,2,7,4,6,0,14,0,0,0,1,0,0,0.183673469,14130
2021,"Daniel Robertson","MIL",16,43,38,4,3,1,0,0,3,0,3,0,13,1,0,1,1,0,0,0.105263157,14145
2021,"Byron Buxton","MIN",18,73,68,29,13,8,0,8,15,14,3,0,15,2,0,0,0,3,0,0.426470588,14161
2021,"Carlos Correa","HOU",25,107,99,30,19,7,0,4,16,13,7,0,16,1,1,0,5,0,0,0.303030303,14162
2021,"Jose Berrios","MIN",1,2,2,0,0,0,0,0,0,0,0,0,2,0,0,0,0,0,0,0,14168
2021,"Jorge Soler","KCR",24,93,78,16,7,7,0,2,9,11,9,0,29,3,1,0,1,0,0,0.205128205,14221
2021,"Mitch Haniger","SEA",25,110,101,28,14,7,1,6,18,18,7,0,25,0,2,0,2,0,0,0.277227722,14274
2021,"Wilmer Difo","PIT",18,32,30,8,4,2,1,1,3,3,2,0,12,0,0,0,0,0,0,0.266666666,14320
2021,"Anthony Alford","PIT",11,29,24,2,2,0,0,0,2,0,4,0,16,1,0,0,1,1,1,0.083333333,14329
2021,"Nick Williams","CHW",4,13,10,0,0,0,0,0,2,0,1,0,4,2,0,0,1,0,0,0,14330
2021,"Matt Olson","OAK",22,91,81,24,13,5,0,6,12,17,7,0,16,2,1,0,4,0,1,0.296296296,14344
2021,"Raimel Tapia","COL",25,95,86,24,19,2,0,3,8,11,8,0,12,0,1,0,0,1,2,0.279069767,14350
2021,"Lewis Brinson","MIA",13,32,31,5,5,0,0,0,1,1,1,0,8,0,0,0,1,0,0,0.161290322,14352
2021,"Tyler Glasnow","TBR",1,2,2,0,0,0,0,0,0,0,0,0,2,0,0,0,0,0,0,0,14374
2021,"Ronald Guzman","TEX",6,17,16,1,0,0,0,1,1,1,1,0,6,0,0,0,0,0,0,0.0625,14388
2021,"Jake Cave","MIN",21,73,66,12,7,4,0,1,7,2,5,0,28,1,0,1,0,1,0,0.181818181,14477
2021,"Renato Nunez","DET",7,29,27,4,0,2,0,2,5,3,1,0,8,1,0,0,1,0,0,0.148148148,14503
2021,"Pedro Severino","BAL",19,69,65,17,14,2,0,1,5,2,4,0,20,0,0,0,0,0,0,0.261538461,14523
2021,"Anthony Santander","BAL",16,62,56,11,8,1,0,2,5,8,2,0,17,1,2,1,0,0,0,0.196428571,14551
2021,"Nomar Mazara","DET",12,40,38,9,7,0,0,2,3,5,2,0,7,0,0,0,3,0,0,0.236842105,14553
2021,"Wyatt Mathisen","ARI",19,45,36,5,4,0,0,1,3,8,5,0,18,3,1,0,0,0,0,0.138888888,14555
2021,"Franmil Reyes","CLE",23,91,86,24,11,4,2,7,13,18,3,0,30,1,1,0,4,1,0,0.279069767,14566
2021,"Franchy Cordero","BOS",20,55,51,9,7,2,0,0,4,5,4,0,26,0,0,0,0,1,0,0.176470588,14567
2021,"David Bote","CHC",25,78,67,12,8,2,0,2,5,11,7,0,18,2,1,1,3,0,1,0.179104477,14593
2021,"Chi Chi Gonzalez","COL",4,6,5,1,1,0,0,0,1,0,0,0,3,0,0,1,0,0,0,0.2,14663
2021,"Harold Castro","DET",13,34,30,7,7,0,0,0,1,3,4,0,9,0,0,0,1,0,0,0.233333333,14691
2021,"Manuel Margot","TBR",24,85,77,19,12,4,1,2,10,12,7,0,15,0,1,0,1,2,2,0.246753246,14712
2021,"Brett Phillips","TBR",15,43,33,7,3,3,0,1,5,3,8,0,14,0,1,1,0,3,2,0.212121212,14735
2021,"Julio Urias","LAD",4,8,7,1,1,0,0,0,1,0,0,0,2,0,0,1,0,0,0,0.142857142,14765
2021,"Yu Chang","CLE",17,42,40,6,4,2,0,0,5,3,2,0,9,0,0,0,0,0,0,0.15,14773
2021,"Kyle Farmer","CIN",22,53,46,8,5,2,0,1,7,6,4,0,10,3,0,0,0,0,1,0.173913043,14813
2021,"JaCoby Jones","DET",18,52,51,6,4,1,0,1,2,2,1,0,22,0,0,0,1,0,0,0.117647058,14818
2021,"Mike Yastrzemski","SFG",22,89,79,17,6,6,1,4,11,6,10,2,29,0,0,0,1,1,0,0.215189873,14854
2021,"Zack Godley","MIL",1,1,0,0,0,0,0,0,0,0,0,0,0,0,0,1,0,0,0,0,14862
2021,"Caleb Smith","ARI",1,1,1,0,0,0,0,0,0,0,0,0,1,0,0,0,0,0,0,0,14875
2021,"Pat Valaika","BAL",7,25,23,2,2,0,0,0,1,0,1,0,4,0,0,1,0,0,0,0.086956521,14885
2021,"Tony Kemp","OAK",15,40,30,6,5,1,0,0,2,0,8,0,7,1,0,1,0,3,0,0.2,14894
2021,"Jon Gray","COL",6,13,13,3,3,0,0,0,1,1,0,0,8,0,0,0,0,0,0,0.23076923,14916
2021,"Andrew Knapp","PHI",13,29,25,5,4,0,0,1,3,4,3,0,13,0,1,0,0,0,0,0.2,14942
2021,"Johan Camargo","ATL",9,12,11,0,0,0,0,0,0,0,1,0,5,0,0,0,0,0,0,0,14950
2021,"Victor Caratini","SDP",21,72,61,14,11,2,0,1,5,11,10,0,22,0,1,0,3,1,0,0.229508196,14968
2021,"Chad Kuhl","PIT",4,6,5,0,0,0,0,0,0,0,0,0,2,0,0,1,0,0,0,0,14975
2021,"German Marquez","COL",6,11,11,1,1,0,0,0,0,0,0,0,5,0,0,0,0,0,0,0.09090909,15038
2021,"Dom Nunez","COL",17,56,49,10,3,1,2,4,8,11,7,2,23,0,0,0,0,0,0,0.204081632,15055
2021,"Jonathan Davis","TOR",10,26,22,2,1,0,0,1,4,1,3,0,8,1,0,0,0,1,1,0.09090909,15104
2021,"Ryan McMahon","COL",26,104,99,27,15,4,0,8,18,16,5,0,25,0,0,0,3,1,0,0.272727272,15112
2021,"Hunter Dozier","KCR",20,73,67,9,5,1,1,2,5,8,6,0,20,0,0,0,4,1,1,0.134328358,15117
2021,"Tim Locastro","ARI",15,58,52,14,13,0,0,1,7,2,4,0,12,2,0,0,1,3,1,0.269230769,15124
2021,"Trey Mancini","BAL",26,107,97,23,13,5,0,5,12,17,8,0,24,1,1,0,5,0,0,0.237113402,15149
2021,"Mitch Garver","MIN",18,61,58,10,3,3,0,4,6,9,3,0,27,0,0,0,1,0,0,0.172413793,15161
2021,"Josh VanMeter","ARI",22,49,41,7,4,1,1,1,6,5,8,0,13,0,0,0,1,0,0,0.170731707,15170
2021,"Tim Anderson","CHW",16,70,67,21,16,2,0,3,14,5,3,0,20,0,0,0,0,5,2,0.313432835,15172
2021,"Chad Pinder","OAK",3,10,10,3,2,0,0,1,1,2,0,0,5,0,0,0,0,0,0,0.3,15191
2021,"Jake Bauers","CLE",17,41,37,7,5,2,0,0,1,2,3,1,10,0,0,0,0,0,0,0.189189189,15194
2021,"Adam Frazier","PIT",24,110,97,29,20,7,2,0,13,10,10,0,12,2,1,0,3,2,1,0.298969072,15223
2021,"Mike Tauchman","2 Tms",12,24,22,7,5,2,0,0,2,1,1,0,8,0,0,1,0,2,0,0.318181818,15274
2021,"Garrett Cooper","MIA",23,80,71,14,9,3,0,2,7,10,6,0,25,3,0,0,1,0,0,0.197183098,15279
2021,"Jeff McNeil","NYM",20,67,59,12,8,2,0,2,6,5,6,0,6,2,0,0,2,0,0,0.20338983,15362
2021,"Jack Mayfield","LAA",2,3,3,0,0,0,0,0,0,0,0,0,2,0,0,0,0,0,0,0,15402
2021,"Kris Bryant","CHC",24,102,87,28,12,9,0,7,19,19,13,0,23,1,1,0,2,0,1,0.32183908,15429
2021,"Nick Pivetta","BOS",1,2,2,0,0,0,0,0,0,0,0,0,2,0,0,0,0,0,0,0,15454
2021,"Jose De Leon","CIN",3,4,4,1,1,0,0,0,0,1,0,0,2,0,0,0,0,0,0,0.25,15463
2021,"Hunter Renfroe","BOS",18,68,60,10,7,2,0,1,7,8,6,0,18,0,2,0,2,0,1,0.166666666,15464
2021,"Aristides Aquino","CIN",10,14,13,3,0,1,0,2,2,3,1,1,5,0,0,0,0,0,0,0.23076923,15482
2021,"Victor Reyes","DET",18,52,51,6,3,2,0,1,4,1,1,0,17,0,0,0,1,1,0,0.117647058,15487
2021,"Antonio Senzatela","COL",6,9,7,0,0,0,0,0,0,0,0,0,4,0,0,2,0,0,0,0,15488
2021,"Justin Williams","STL",25,76,65,11,9,0,0,2,6,6,10,4,27,1,0,0,2,0,1,0.169230769,15490
2021,"J.P. Crawford","SEA",27,96,88,22,18,4,0,0,12,7,8,0,17,0,0,0,3,1,1,0.25,15491
2021,"Amed Rosario","CLE",22,74,67,12,8,2,0,2,9,4,7,0,13,0,0,0,3,0,0,0.179104477,15518
2021,"Joseph Odom","TBR",2,2,2,0,0,0,0,0,0,0,0,0,1,0,0,0,0,0,0,0,15535
2021,"Mike Ford","NYY",7,24,20,3,1,0,0,2,4,3,4,0,6,0,0,0,0,0,0,0.15,15585
2021,"Willians Astudillo","MIN",18,55,54,15,11,2,0,2,3,8,0,0,3,0,1,0,0,0,0,0.277777777,15608
2021,"Aaron Judge","NYY",23,96,81,22,12,3,0,7,10,15,15,0,24,0,0,0,4,0,0,0.271604938,15640
2021,"Dominic Smith","NYM",19,76,72,16,12,2,0,2,4,8,2,0,20,1,1,0,2,0,0,0.222222222,15653
2021,"Billy McKinney","MIL",23,63,61,14,9,1,1,3,7,5,2,0,15,0,0,0,1,0,0,0.229508196,15654
2021,"Austin Meadows","TBR",24,106,87,19,9,6,0,4,11,9,15,0,26,2,2,0,2,0,0,0.218390804,15672
2021,"Jose Abreu","CHW",25,108,94,20,13,2,0,5,11,19,12,0,29,0,2,0,4,1,0,0.212765957,15676
2021,"Rowdy Tellez","TOR",18,63,60,11,8,2,0,1,5,3,2,0,15,1,0,0,1,0,0,0.183333333,15679
2021,"Luis Castillo","CIN",5,8,6,1,0,1,0,0,1,0,1,0,3,0,0,1,0,0,0,0.166666666,15689
2021,"Chance Sisco","2 Tms",12,38,35,6,5,1,0,0,3,2,1,0,13,2,0,0,0,0,0,0.171428571,15694
2021,"Tyler O'Neill","STL",16,56,54,13,7,1,0,5,10,8,1,0,21,1,0,0,2,2,1,0.24074074,15711
2021,"Tyler Wade","NYY",4,5,5,2,2,0,0,0,2,0,0,0,2,0,0,0,0,0,0,0.4,15730
2021,"Jose Marmolejos","SEA",20,57,49,8,3,2,0,3,7,8,8,0,17,0,0,0,0,0,0,0.163265306,15767
2021,"Yonathan Daza","COL",21,59,57,18,15,2,0,1,4,5,0,0,10,0,1,1,2,0,0,0.315789473,15794
2021,"Luis Torrens","SEA",19,67,63,12,8,3,0,1,5,4,3,0,16,1,0,0,2,0,0,0.19047619,15905
2021,"Aledmys Diaz","HOU",17,64,58,15,9,5,0,1,7,11,2,0,12,4,0,0,3,0,0,0.258620689,15937
2021,"Austin Nola","SDP",1,1,1,0,0,0,0,0,0,0,0,0,0,0,0,0,0,0,0,0,15941
2021,"Clint Frazier","NYY",22,77,64,10,5,3,0,2,6,3,13,0,21,0,0,0,2,0,0,0.15625,15983
2021,"Willy Adames","TBR",23,87,83,14,8,3,1,2,7,7,4,0,28,0,0,0,0,1,1,0.168674698,15986
2021,"Cody Bellinger","LAD",4,21,19,4,2,1,1,0,2,2,2,0,5,0,0,0,0,0,0,0.210526315,15998
2021,"Mark Payton","CIN",7,7,6,1,1,0,0,0,1,0,1,0,1,0,0,0,0,0,0,0.166666666,16042
2021,"Daniel Ponce de Leon","STL",1,2,2,0,0,0,0,0,0,0,0,0,2,0,0,0,0,0,0,0,16110
2021,"John Curtiss","MIA",2,2,2,0,0,0,0,0,0,0,0,0,1,0,0,0,0,0,0,0,16128
2021,"Aaron Nola","PHI",6,13,12,1,1,0,0,0,2,0,0,0,6,0,0,1,0,0,0,0.083333333,16149
2021,"Austin Slater","SFG",24,85,75,17,12,2,1,2,7,7,10,0,30,0,0,0,2,5,0,0.226666666,16153
2021,"Brandon Woodruff","MIL",5,10,9,0,0,0,0,0,0,0,0,0,6,0,0,1,0,0,0,0,16162
2021,"J.D. Davis","NYM",14,46,39,16,11,3,0,2,5,6,4,1,13,3,0,0,1,0,0,0.41025641,16219
2021,"Tejay Antone","CIN",4,4,2,0,0,0,0,0,1,0,1,0,2,0,0,1,0,0,0,0,16233
2021,"Trea Turner","WSN",22,92,86,26,16,4,0,6,11,10,3,0,22,3,0,0,3,5,0,0.302325581,16252
2021,"Alex Blandino","CIN",17,33,27,7,4,3,0,0,5,4,5,0,10,1,0,0,0,1,0,0.259259259,16271
2021,"Pablo Reyes","MIL",3,8,8,1,1,0,0,0,1,0,0,0,2,0,0,0,1,0,0,0.125,16357
2021,"Tyler Mahle","CIN",5,10,6,0,0,0,0,0,0,0,0,0,0,0,0,4,1,0,0,0,16358
2021,"Michael Conforto","NYM",20,83,71,15,9,5,0,1,3,5,8,0,22,4,0,0,2,0,0,0.211267605,16376
2021,"Francisco Mejia","TBR",15,53,49,15,8,6,0,1,3,6,2,0,7,0,1,1,1,0,0,0.306122448,16403
2021,"Jordan Luplow","CLE",20,69,56,11,2,3,0,6,9,15,12,0,15,1,0,0,0,0,1,0.196428571,16424
2021,"Christian Arroyo","BOS",19,64,58,17,10,7,0,0,7,4,3,0,15,2,0,0,1,1,0,0.293103448,16434
2021,"Ryan O'Hearn","KCR",4,16,13,2,1,0,0,1,1,1,3,0,5,0,0,0,0,0,0,0.153846153,16442
2021,"Luis Guillorme","NYM",9,23,18,6,6,0,0,0,2,0,5,0,1,0,0,0,0,0,0,0.333333333,16451
2021,"Rhys Hoskins","PHI",26,110,104,24,9,7,0,8,19,14,6,0,37,0,0,0,3,1,0,0.23076923,16472
2021,"Kyle Schwarber","WSN",16,67,63,13,7,4,0,2,6,5,3,1,21,1,0,0,0,0,0,0.206349206,16478
2021,"Ryan Yarbrough","TBR",1,2,2,0,0,0,0,0,0,0,0,0,0,0,0,0,0,0,0,0,16502
2021,"Matt Chapman","OAK",27,108,90,17,9,2,2,4,9,13,15,0,37,1,2,0,2,0,0,0.188888888,16505
2021,"Isiah Kiner-Falefa","TEX",27,118,111,28,22,2,1,3,15,9,4,0,23,2,0,1,1,4,0,0.252252252,16512
2021,"Ryan McBroom","KCR",5,7,6,1,1,0,0,0,1,0,1,0,5,0,0,0,0,0,0,0.166666666,16524
2021,"Mauricio Dubon","SFG",19,52,48,9,6,3,0,0,2,6,3,2,12,0,1,0,0,0,0,0.1875,16530
2021,"Danny Jansen","TOR",14,49,44,2,1,1,0,0,3,0,5,0,12,0,0,0,2,0,0,0.045454545,16535
2021,"Ozzie Albies","ATL",24,100,88,20,6,9,0,5,15,14,8,0,16,2,2,0,0,1,0,0.227272727,16556
2021,"Austin Gomber","COL",4,8,6,1,1,0,0,0,0,0,0,0,3,0,0,2,0,0,0,0.166666666,16561
2021,"Yandy Diaz","TBR",25,100,81,19,16,3,0,0,7,6,17,0,16,2,0,0,0,0,0,0.234567901,16578
2021,"Kevin Padlo","TBR",3,8,6,0,0,0,0,0,0,0,2,0,5,0,0,0,0,0,0,0,16593
2021,"Luis Urias","MIL",23,77,63,13,7,4,0,2,6,11,13,2,19,0,0,0,2,1,0,0.206349206,16622
2021,"Jason Vosler","SFG",4,9,8,2,1,1,0,0,2,1,1,0,0,0,0,0,0,1,0,0.25,16686
2021,"Jose Trevino","TEX",18,72,68,18,15,2,0,1,7,3,3,0,16,0,1,0,3,0,0,0.264705882,16725
2021,"Brian O'Grady","SDP",1,1,1,0,0,0,0,0,0,0,0,0,0,0,0,0,0,0,0,0,16729
2021,"John Nogowski","STL",13,14,12,1,1,0,0,0,2,0,1,0,1,1,0,0,1,0,0,0.083333333,16852
2021,"Joshua Fuentes","COL",25,78,77,15,12,1,0,2,9,10,0,0,21,0,1,0,2,0,0,0.194805194,16885
2021,"Colin Moran","PIT",25,97,87,24,14,6,0,4,8,17,9,0,27,0,1,0,0,0,0,0.275862068,16909
2021,"Luke Weaver","ARI",5,9,9,2,2,0,0,0,0,1,0,0,6,0,0,0,0,0,0,0.222222222,16918
2021,"Aramis Garcia","OAK",12,36,33,4,3,0,0,1,3,2,1,0,12,1,0,1,1,0,0,0.121212121,16925
2021,"Jonah Heim","TEX",9,34,30,3,0,2,0,1,4,3,3,0,7,0,1,0,3,1,0,0.1,16930
2021,"Elieser Hernandez","MIA",2,3,2,0,0,0,0,0,0,0,0,0,2,0,0,1,0,0,0,0,16933
2021,"Lane Thomas","STL",4,10,9,2,2,0,0,0,0,0,1,0,3,0,0,0,0,0,0,0.222222222,16939
2021,"Derek Hill","DET",1,1,1,0,0,0,0,0,0,0,0,0,1,0,0,0,0,0,0,0,16947
2021,"Trevor Williams","CHC",5,8,6,1,1,0,0,0,1,0,1,0,4,0,0,1,0,0,0,0.166666666,16977
2021,"Gleyber Torres","NYY",25,107,94,22,17,5,0,0,8,4,13,0,19,0,0,0,2,1,1,0.234042553,16997
2021,"Edmundo Sosa","STL",7,11,8,2,2,0,0,0,1,0,1,1,2,2,0,0,1,0,1,0.25,17022
2021,"Magneuris Sierra","MIA",17,20,17,2,2,0,0,0,6,0,3,0,5,0,0,0,1,3,0,0.117647058,17023
2021,"Alex Verdugo","BOS",23,102,90,27,16,7,1,3,19,13,8,1,15,2,2,0,2,2,0,0.3,17027
2021,"Grayson Greiner","DET",9,26,25,5,3,1,0,1,1,4,1,0,12,0,0,0,0,0,0,0.2,17062
2021,"Pablo Lopez","MIA",7,12,12,1,0,1,0,0,1,0,0,0,4,0,0,0,0,0,0,0.083333333,17085
2021,"Dustin Fowler","PIT",18,46,41,7,6,1,0,0,3,2,3,0,20,1,1,0,0,1,0,0.170731707,17098
2021,"Ramon Laureano","OAK",24,103,94,21,12,4,2,3,13,9,6,0,27,3,0,0,0,8,3,0.223404255,17128
2021,"Chad Wallach","MIA",13,38,35,9,8,1,0,0,2,4,1,0,15,1,1,0,1,0,0,0.257142857,17161
2021,"Monte Harrison","MIA",1,1,0,0,0,0,0,0,0,0,0,0,0,0,0,1,0,0,0,0,17216
2021,"Yoan Moncada","CHW",23,100,84,23,17,3,0,3,11,15,12,0,26,3,1,0,1,0,0,0.273809523,17232
2021,"Jorge Mateo","SDP",16,35,31,7,4,2,0,1,1,4,1,0,9,3,0,0,0,1,0,0.225806451,17273
2021,"Alex Jackson","2 Tms",10,30,23,1,1,0,0,0,4,0,3,1,13,4,0,0,0,0,0,0.04347826,17276
2021,"Michael Chavis","BOS",1,0,0,0,0,0,0,0,1,0,0,0,0,0,0,0,0,0,0,0,17321
2021,"Willi Castro","DET",24,94,90,18,14,1,2,1,6,5,4,0,25,0,0,0,1,0,0,0.2,17338
2021,"Rafael Devers","BOS",25,105,92,27,14,6,0,7,15,21,11,1,21,1,1,0,2,1,1,0.29347826,17350
2021,"Yermin Mercedes","CHW",22,88,82,34,24,5,0,5,10,16,6,1,12,0,0,0,1,0,1,0.414634146,17423
2021,"Erick Fedde","WSN",4,6,4,0,0,0,0,0,0,0,1,0,3,0,0,1,0,0,0,0,17425
2021,"Jeff Hoffman","CIN",5,8,7,2,2,0,0,0,1,1,0,0,2,0,0,1,0,0,0,0.285714285,17432
2021,"Jack Flaherty","STL",5,12,7,1,1,0,0,0,1,1,2,0,3,0,0,3,0,0,0,0.142857142,17479
2021,"JT Brubaker","PIT",4,7,6,2,2,0,0,0,0,3,0,0,2,0,0,1,0,0,0,0.333333333,17578
2021,"Mitch Keller","PIT",3,4,4,0,0,0,0,0,1,0,0,0,1,0,0,0,0,0,0,0,17594
2021,"Taylor Clarke","ARI",3,3,3,1,1,0,0,0,0,0,0,0,2,0,0,0,0,0,0,0.333333333,17611
2021,"Myles Straw","HOU",25,97,85,18,15,2,1,0,9,10,9,0,19,1,2,0,2,5,1,0.211764705,17620
2021,"JT Riddle","MIN",3,6,6,2,2,0,0,0,1,0,0,0,0,0,0,0,0,0,0,0.333333333,17642
2021,"Alex Bregman","HOU",20,84,77,23,17,2,0,4,13,14,6,1,14,1,0,0,5,0,0,0.298701298,17678
2021,"Vimael Machin","OAK",5,16,14,1,1,0,0,0,1,1,2,0,4,0,0,0,1,0,0,0.071428571,17684
2021,"Kevin Newman","PIT",23,87,83,17,14,2,0,1,6,6,3,0,6,0,1,0,0,0,0,0.204819277,17696
2021,"Matt Beaty","LAD",16,26,19,4,4,0,0,0,2,4,5,0,6,2,0,0,0,0,0,0.210526315,17710
2021,"Steven Duggar","SFG",3,7,6,1,0,1,0,0,0,0,1,0,2,0,0,0,0,0,0,0.166666666,17719
2021,"Skye Bolt","SFG",1,1,1,0,0,0,0,0,0,0,0,0,1,0,0,0,0,0,0,0,17723
2021,"Nabil Crismatt","SDP",1,2,2,0,0,0,0,0,0,0,0,0,1,0,0,0,0,0,0,0,17732
2021,"Max Schrock","CIN",5,9,9,1,1,0,0,0,1,0,0,0,5,0,0,0,0,0,0,0.111111111,17750
2021,"DJ Stewart","BAL",17,65,56,10,7,2,0,1,6,5,9,0,16,0,0,0,1,0,0,0.178571428,17766
2021,"Braden Bishop","SEA",4,5,4,1,1,0,0,0,1,0,0,0,2,0,0,1,0,0,0,0.25,17806
2021,"Willie Calhoun","TEX",11,45,41,12,11,0,0,1,6,3,3,0,7,1,0,0,0,0,0,0.292682926,17838
2021,"Adbert Alzolay","CHC",4,8,8,1,1,0,0,0,0,0,0,0,2,0,0,0,0,0,0,0.125,17859
2021,"Andrew Benintendi","KCR",22,90,80,18,13,4,0,1,12,8,10,0,20,0,0,0,2,4,3,0.225,17901
2021,"Ian Happ","CHC",24,93,75,10,9,0,0,1,6,1,15,0,31,2,0,1,0,0,1,0.133333333,17919
2021,"Isan Diaz","MIA",3,10,7,0,0,0,0,0,1,1,3,2,0,0,0,0,1,0,0,0,17922
2021,"Cedric Mullins","BAL",26,111,101,34,21,9,0,4,13,9,9,1,23,0,1,0,0,2,2,0.336633663,17929
2021,"Andrew Stevenson","WSN",19,46,42,10,7,2,0,1,6,5,3,0,13,0,1,0,2,0,0,0.238095238,17932
2021,"Sam Hilliard","COL",18,39,37,4,1,0,1,2,5,4,2,1,19,0,0,0,0,0,0,0.108108108,17954
2021,"Scott Kingery","PHI",3,6,6,1,1,0,0,0,0,0,0,0,2,0,0,0,0,0,0,0.166666666,17975
2021,"Ty France","SEA",27,114,97,28,17,8,0,3,18,13,11,0,24,5,1,0,3,0,0,0.288659793,17982
2021,"Tyler Stephenson","CIN",15,42,39,14,11,2,0,1,8,6,2,0,10,1,0,0,2,0,0,0.358974358,17988
2021,"David Fletcher","LAA",24,111,106,28,26,2,0,0,14,10,3,0,12,0,1,1,2,0,0,0.264150943,17992
2021,"Logan Webb","SFG",4,7,6,1,0,0,1,0,0,2,0,0,3,0,0,1,0,0,0,0.166666666,17995
2021,"Triston McKenzie","CLE",1,2,2,1,1,0,0,0,0,0,0,0,0,0,0,0,0,0,0,0.5,18000
2021,"Paul DeJong","STL",24,98,85,14,9,0,0,5,14,10,12,0,27,1,0,0,2,0,0,0.164705882,18015
2021,"Harrison Bader","STL",1,4,4,1,1,0,0,0,0,0,0,0,2,0,0,0,0,0,0,0.25,18030
2021,"Jake Cronenworth","SDP",27,115,99,26,17,6,1,2,15,5,12,2,18,2,1,0,4,3,1,0.262626262,18036
2021,"Dylan Moore","SEA",26,82,68,9,3,4,0,2,8,8,12,0,27,1,1,0,1,5,1,0.132352941,18042
2021,"Sam Haggerty","SEA",18,55,52,11,8,1,0,2,9,5,3,0,17,0,0,0,0,4,0,0.211538461,18054
2021,"Kyle Garlick","MIN",11,28,25,7,4,3,0,0,6,3,1,0,8,1,1,0,2,0,0,0.28,18063
2021,"LaMonte Wade Jr.","SFG",3,7,6,2,1,1,0,0,0,0,1,0,2,0,0,0,0,0,0,0.333333333,18126
2021,"Ka'ai Tom","2 Tms",9,21,17,1,1,0,0,0,1,1,4,0,7,0,0,0,0,0,0,0.058823529,18136
2021,"Patrick Mazeika","NYM",1,3,3,1,0,1,0,0,0,0,0,0,0,0,0,0,0,0,0,0.333333333,18142
2021,"Seth Brown","OAK",16,46,42,10,6,1,0,3,4,6,4,0,10,0,0,0,0,0,0,0.238095238,18171
2021,"Austin Dean","STL",18,34,27,6,3,2,0,1,4,7,5,0,9,0,2,0,0,0,0,0.222222222,18288
2021,"Brian Anderson","MIA",16,70,64,14,10,3,0,1,3,5,5,0,16,1,0,0,1,0,0,0.21875,18289
2021,"Carson Fulmer","CIN",1,1,1,0,0,0,0,0,0,0,0,0,0,0,0,0,0,0,0,0,18311
2021,"Dansby Swanson","ATL",26,105,95,18,11,4,1,2,5,7,7,0,31,3,0,0,3,1,1,0.189473684,18314
2021,"Edwin Rios","LAD",21,52,44,4,3,0,0,1,3,1,6,0,15,2,0,0,2,0,0,0.09090909,18316
2021,"Kyle Tucker","HOU",26,106,94,17,9,3,0,5,12,15,7,0,19,1,3,0,2,2,0,0.180851063,18345
2021,"Austin Riley","ATL",26,93,77,23,18,2,0,3,14,7,11,1,22,4,1,0,1,0,0,0.298701298,18360
2021,"Victor Robles","WSN",22,78,66,15,13,1,1,0,6,1,9,0,18,3,0,0,1,1,2,0.227272727,18363
2021,"Ryan Mountcastle","BAL",25,96,91,18,12,5,0,1,8,7,4,0,30,0,1,0,2,3,0,0.197802197,18373
2021,"Travis Blankenhorn","MIN",1,0,0,0,0,0,0,0,1,0,0,0,0,0,0,0,0,0,0,0,18395
2021,"Ronald Acuna Jr.","ATL",24,106,88,30,15,6,1,8,25,18,15,0,14,2,1,0,0,3,0,0.34090909,18401
2021,"Jose Urquidy","HOU",1,2,2,0,0,0,0,0,0,0,0,0,2,0,0,0,0,0,0,0,18413
2021,"Kenta Maeda","MIN",1,2,1,0,0,0,0,0,0,0,0,0,0,0,0,1,0,0,0,0,18498
2021,"Logan Allen","CLE",1,1,1,0,0,0,0,0,0,0,0,0,1,0,0,0,0,0,0,0,18555
2021,"Trent Grisham","SDP",17,79,70,21,14,3,0,4,11,7,9,0,21,0,0,0,1,5,0,0.3,18564
2021,"Luis Arraez","MIN",22,91,77,21,18,2,0,1,11,10,12,0,11,1,1,0,1,0,0,0.272727272,18568
2021,"Ke'Bryan Hayes","PIT",2,7,5,1,0,0,0,1,2,2,2,0,1,0,0,0,0,0,0,0.2,18577
2021,"Jared Walsh","LAA",22,93,82,27,18,4,1,4,12,18,7,1,19,3,1,0,1,0,0,0.329268292,18607
2021,"Jake Woodford","STL",1,1,1,0,0,0,0,0,0,0,0,0,1,0,0,0,0,0,0,0,18674
2021,"Freddy Peralta","MIL",5,7,6,0,0,0,0,0,0,0,1,0,4,0,0,0,0,0,0,0,18679
2021,"Sandy Alcantara","MIA",6,13,13,0,0,0,0,0,0,0,0,0,11,0,0,0,0,0,0,0,18684
2021,"Nick Neidert","MIA",3,4,3,0,0,0,0,0,0,0,1,0,1,0,0,0,0,0,0,0,18699
2021,"Guillermo Heredia","ATL",13,49,40,12,5,5,0,2,7,8,8,1,13,1,0,0,1,0,0,0.3,18721
2021,"Ramon Urias","BAL",15,42,39,6,3,2,0,1,4,3,3,0,15,0,0,0,0,0,0,0.153846153,18795
2021,"Josh Naylor","CLE",21,77,72,18,11,7,0,0,6,2,3,0,16,1,0,0,1,0,0,0.25,18839
2021,"Brandon Lowe","TBR",25,103,88,16,8,4,0,4,11,11,12,0,29,3,0,0,0,0,0,0.181818181,18882
2021,"Danny Mendick","CHW",7,21,16,6,6,0,0,0,2,2,5,0,5,0,0,0,0,0,0,0.375,18889
2021,"Leody Taveras","TEX",15,50,46,4,4,0,0,0,2,1,3,0,23,1,0,0,1,2,0,0.086956521,18900
2021,"Corey Ray","MIL",1,3,2,0,0,0,0,0,1,0,1,0,1,0,0,0,0,0,0,0,19170
2021,"Zack Collins","CHW",11,40,35,8,5,2,0,1,4,5,5,0,11,0,0,0,0,0,0,0.228571428,19181
2021,"Will Smith","LAD",20,79,62,14,6,5,0,3,11,7,12,2,13,4,1,0,5,1,0,0.225806451,19197
2021,"Yuli Gurriel","HOU",25,106,90,31,20,7,0,4,11,16,16,0,11,0,0,0,2,0,0,0.344444444,19198
2021,"Mitch White","LAD",1,1,1,0,0,0,0,0,0,0,0,0,1,0,0,0,0,0,0,0,19225
2021,"Lourdes Gurriel Jr.","TOR",21,82,76,17,14,1,0,2,7,7,3,0,19,1,2,0,2,1,0,0.22368421,19238
2021,"Pete Alonso","NYM",21,87,77,19,11,3,0,5,11,12,8,0,27,1,1,0,1,0,0,0.246753246,19251
2021,"Cavan Biggio","TOR",20,79,66,13,9,1,1,2,8,4,10,0,25,1,1,0,2,0,0,0.196969696,19252
2021,"Jake Fraley","SEA",5,19,10,1,0,1,0,0,2,1,8,0,3,1,0,0,0,1,0,0.1,19260
2021,"Garrett Hampson","COL",24,99,89,22,12,6,1,3,18,9,8,0,23,0,2,0,1,5,1,0.247191011,19262
2021,"Taylor Widener","ARI",4,8,7,0,0,0,0,0,1,0,1,0,5,0,0,0,0,0,0,0,19266
2021,"Adolis Garcia","TEX",17,71,66,16,9,1,1,5,10,14,3,0,24,1,1,0,0,1,3,0.242424242,19287
2021,"Randy Arozarena","TBR",24,102,94,27,20,4,0,3,13,11,6,0,35,2,0,0,3,2,0,0.287234042,19290
2021,"Zac Gallen","ARI",3,8,7,1,1,0,0,0,0,0,0,0,4,0,0,1,0,0,0,0.142857142,19291
2021,"Nick Senzel","CIN",24,76,67,17,13,3,0,1,11,5,8,0,10,0,1,0,0,2,3,0.253731343,19293
2021,"Nick Solak","TEX",27,112,99,29,19,3,0,7,18,14,6,0,32,7,0,0,2,2,1,0.292929292,19294
2021,"Eric Lauer","MIL",1,1,1,0,0,0,0,0,0,0,0,0,1,0,0,0,0,0,0,0,19316
2021,"Joey Lucchesi","NYM",2,2,2,0,0,0,0,0,0,0,0,0,2,0,0,0,0,0,0,0,19320
2021,"Bryan Reynolds","PIT",25,105,90,25,17,6,0,2,18,11,14,0,22,1,0,0,2,0,1,0.277777777,19326
2021,"Jose Rojas","LAA",13,42,38,7,2,5,0,0,2,0,4,0,14,0,0,0,0,0,0,0.184210526,19331
2021,"Yadiel Hernandez","WSN",12,29,25,10,8,1,0,1,3,3,2,0,4,1,1,0,1,1,0,0.4,19334
2021,"Nicky Lopez","KCR",22,78,65,16,12,2,2,0,12,7,8,0,8,0,1,4,1,2,0,0.246153846,19339
2021,"Eli White","TEX",15,52,47,7,6,0,1,0,3,4,5,0,17,0,0,0,0,1,2,0.14893617,19346
2021,"DJ Peters","LAD",3,5,5,0,0,0,0,0,0,0,0,0,4,0,0,0,0,0,0,0,19348
2021,"Sean Murphy","OAK",20,74,63,13,6,3,0,4,7,9,8,0,20,3,0,0,1,0,0,0.206349206,19352
2021,"Luke Raley","LAD",12,39,34,7,5,1,0,1,2,2,2,1,12,3,0,0,1,0,0,0.205882352,19354
2021,"Corbin Burnes","MIL",5,12,12,3,3,0,0,0,1,2,0,0,6,0,0,0,0,0,0,0.25,19361
2021,"Austin Hays","BAL",13,51,47,11,6,2,0,3,9,7,2,0,14,1,0,1,0,0,0,0.234042553,19363
2021,"Walker Buehler","LAD",5,12,11,1,1,0,0,0,0,0,0,0,6,0,0,1,0,0,0,0.09090909,19374
2021,"Zach McKinstry","LAD",17,58,54,16,8,5,0,3,7,14,2,0,14,1,1,0,0,0,0,0.296296296,19392
2021,"Shane Bieber","CLE",1,3,3,0,0,0,0,0,0,0,0,0,1,0,0,0,0,0,0,0,19427
2021,"Tommy Edman","STL",26,115,106,29,23,3,1,2,13,6,7,0,12,2,0,0,0,4,1,0.273584905,19470
2021,"Alex De Goti","HOU",2,7,6,2,2,0,0,0,2,1,1,0,2,0,0,0,0,0,0,0.333333333,19477
2021,"Kyle Lewis","SEA",8,33,31,5,2,1,0,2,2,2,2,0,9,0,0,0,0,0,0,0.161290322,19508
2021,"Andrew Knizner","STL",12,37,33,10,7,3,0,0,5,1,4,1,2,0,0,0,2,0,0,0.303030303,19514
2021,"Andrew Young","ARI",9,12,7,2,0,0,0,2,3,5,2,0,4,3,0,0,0,0,0,0.285714285,19521
2021,"Taylor Jones","HOU",3,10,9,2,2,0,0,0,2,1,1,0,1,0,0,0,0,0,0,0.222222222,19533
2021,"Yordan Alvarez","HOU",19,81,73,23,13,7,1,2,11,14,3,1,20,3,2,0,2,0,0,0.315068493,19556
2021,"Zack Short","DET",2,7,5,1,1,0,0,0,0,0,2,0,3,0,0,0,0,0,0,0.2,19562
2021,"Nathaniel Lowe","TEX",27,114,101,28,19,3,0,6,11,22,12,0,31,1,0,0,5,2,0,0.277227722,19566
2021,"Nick Heath","ARI",7,24,21,4,4,0,0,0,3,0,3,0,8,0,0,0,0,0,1,0.19047619,19577
2021,"Sean Poppen","PIT",1,1,1,0,0,0,0,0,0,0,0,0,1,0,0,0,0,0,0,0,19583
2021,"Chas McCormick","HOU",11,29,25,4,1,2,0,1,6,7,1,0,7,2,1,0,0,1,0,0.16,19599
2021,"Bryan De La Cruz","MIA",1,4,3,1,1,0,0,0,0,1,1,0,1,0,0,0,0,0,0,0.333333333,19600
2021,"Vladimir Guerrero Jr.","TOR",24,102,80,28,17,4,0,7,16,20,20,1,16,2,0,0,2,1,0,0.35,19611
2021,"Bo Bichette","TOR",24,104,96,25,13,5,0,7,19,15,5,0,29,2,1,0,3,3,0,0.260416666,19612
2021,"Cionel Perez","CIN",1,1,1,0,0,0,0,0,0,0,0,0,0,0,0,0,0,0,0,0,19614
2021,"Brent Rooker","MIN",8,30,29,3,1,1,0,1,1,2,1,0,13,0,0,0,0,0,0,0.103448275,19627
2021,"Sheldon Neuse","LAD",8,19,19,4,2,0,0,2,3,3,0,0,9,0,0,0,1,0,1,0.210526315,19635
2021,"Kyle Wright","ATL",1,2,2,1,0,1,0,0,1,0,0,0,0,0,0,0,0,0,0,0.5,19665
2021,"Mike Brosseau","TBR",17,60,54,10,5,3,0,2,7,6,4,0,16,2,0,0,1,0,0,0.185185185,19683
2021,"Fernando Tatis Jr.","SDP",18,78,69,17,7,3,0,7,17,11,8,0,24,0,1,0,1,4,1,0.246376811,19709
2021,"Ronnie Dawson","HOU",3,6,5,1,1,0,0,0,2,0,1,0,0,0,0,0,1,0,0,0.2,19710
2021,"Dustin May","LAD",2,4,3,0,0,0,0,0,0,0,0,0,3,0,0,1,0,0,0,0,19716
2021,"Josh Rojas","ARI",23,69,60,12,7,2,0,3,9,8,9,0,18,0,0,0,0,1,0,0.2,19734
2021,"Shohei Ohtani","LAA",23,97,92,26,10,6,2,8,18,19,3,0,27,2,0,0,2,3,1,0.282608695,19755
2021,"Daniel Castano","MIA",3,3,3,0,0,0,0,0,0,0,0,0,2,0,0,0,0,0,0,0,19805
2021,"Joshua Palacios","TOR",10,35,28,7,7,0,0,0,7,4,3,0,7,2,1,1,0,0,0,0.25,19818
2021,"Riley Smith","ARI",3,6,6,0,0,0,0,0,0,0,0,0,3,0,0,0,0,0,0,0,19826
2021,"Abraham Toro","HOU",6,13,12,1,1,0,0,0,0,0,1,0,0,0,0,0,1,0,0,0.083333333,19844
2021,"Luis Rengifo","LAA",4,15,14,1,1,0,0,0,1,0,1,0,2,0,0,0,1,0,0,0.071428571,19858
2021,"Adam Haseley","PHI",8,21,21,4,3,1,0,0,2,0,0,0,4,0,0,0,0,0,0,0.19047619,19878
2021,"Pavin Smith","ARI",23,88,83,22,12,6,2,2,12,8,5,0,16,0,0,0,5,0,0,0.26506024,19892
2021,"Anderson Tejeda","TEX",5,17,16,1,1,0,0,0,1,0,1,0,10,0,0,0,0,1,0,0.0625,19909
2021,"Jesus Sanchez","MIA",1,5,5,1,1,0,0,0,0,0,0,0,3,0,0,0,0,0,0,0.2,19913
2021,"Daulton Varsho","ARI",3,3,3,1,0,1,0,0,1,0,0,0,1,0,0,0,0,0,0,0.333333333,19918
2021,"Ryan McKenna","BAL",9,17,15,3,2,0,1,0,5,1,2,0,5,0,0,0,0,0,0,0.2,19928
2021,"Cristian Pache","ATL",9,31,30,4,2,2,0,0,3,0,1,0,13,0,0,0,0,0,0,0.133333333,19948
2021,"Andres Gimenez","CLE",17,60,55,11,5,4,0,2,7,4,3,0,18,1,0,1,1,3,0,0.2,19950
2021,"Ian Anderson","ATL",4,7,6,1,0,1,0,0,0,0,0,0,4,0,0,1,0,0,0,0.166666666,19951
2021,"Gavin Lux","LAD",15,61,56,10,8,0,2,0,4,6,3,0,19,0,2,0,2,1,0,0.178571428,19955
2021,"Mickey Moniak","PHI",9,28,25,3,2,0,0,1,3,3,3,1,12,0,0,0,0,0,0,0.12,19956
2021,"Carter Kieboom","WSN",2,2,1,0,0,0,0,0,0,0,1,0,1,0,0,0,0,0,0,0,19958
2021,"Jesus Luzardo","OAK",1,1,1,0,0,0,0,0,0,0,0,0,0,0,0,0,0,0,0,0,19959
2021,"Taylor Trammell","SEA",22,81,70,12,6,2,0,4,10,11,9,0,33,1,0,1,0,1,2,0.171428571,19960
2021,"Bobby Dalbec","BOS",22,76,70,15,9,4,1,1,3,5,5,0,25,1,0,0,1,0,0,0.214285714,19966
2021,"Tres Barrera","WSN",1,2,2,0,0,0,0,0,0,0,0,0,1,0,0,0,0,0,0,0,19977
2021,"Bryse Wilson","ATL",3,6,6,0,0,0,0,0,0,0,0,0,2,0,0,0,0,0,0,0,19990
2021,"Santiago Espinal","TOR",7,20,20,7,5,2,0,0,3,2,0,0,3,0,0,0,0,0,0,0.35,19997
2021,"Keston Hiura","MIL",23,82,72,12,6,4,1,1,7,5,6,0,29,4,0,0,3,1,0,0.166666666,20003
2021,"Adrian Morejon","SDP",1,1,1,0,0,0,0,0,0,0,0,0,0,0,0,0,0,0,0,0,20039
2021,"Luis Robert Jr.","CHW",23,98,90,28,17,9,1,1,11,8,7,0,26,0,1,0,0,4,0,0.311111111,20043
2021,"Alan Trejo","COL",9,12,11,2,1,1,0,0,1,0,1,1,2,0,0,0,1,0,0,0.181818181,20056
2021,"Evan White","SEA",20,77,71,11,8,2,0,1,6,6,5,0,21,1,0,0,1,0,0,0.154929577,20078
2021,"Chris Paddack","SDP",4,7,6,0,0,0,0,0,0,0,0,0,3,0,0,1,0,0,0,0,20099
2021,"Juan Soto","WSN",14,61,50,15,11,2,0,2,11,8,10,2,7,0,1,0,1,1,2,0.3,20123
2021,"Dylan Carlson","STL",26,102,89,25,14,6,2,3,17,13,10,1,26,2,1,0,2,0,0,0.280898876,20126
2021,"Ben Rortvedt","MIN",1,4,3,1,1,0,0,0,1,1,1,0,1,0,0,0,0,0,0,0.333333333,20287
2021,"David Peterson","NYM",4,8,6,0,0,0,0,0,0,0,0,0,4,0,0,2,0,0,0,0,20302
2021,"Alex Kirilloff","MIN",9,31,30,5,2,1,0,2,3,5,1,0,6,0,0,0,0,0,0,0.166666666,20325
2021,"Matt Peacock","ARI",1,1,1,1,1,0,0,0,1,0,0,0,0,0,0,0,0,0,0,1,20339
2021,"Bruce Zimmermann","BAL",1,2,2,0,0,0,0,0,0,0,0,0,2,0,0,0,0,0,0,0,20370
2021,"Tyler Zuber","KCR",1,1,1,0,0,0,0,0,0,0,0,0,1,0,0,0,0,0,0,0,20379
2021,"Luis Garcia Jr.","WSN",6,8,7,1,1,0,0,0,1,0,1,0,3,0,0,0,0,0,0,0.142857142,20391
2021,"Jazz Chisholm Jr.","MIA",22,85,74,23,12,6,1,4,12,8,9,0,26,1,1,0,0,9,0,0.31081081,20454
2021,"Huascar Ynoa","ATL",5,10,10,4,2,1,0,1,2,2,0,0,4,0,0,0,0,0,0,0.4,20468
2021,"Scott Hurst","STL",4,5,5,0,0,0,0,0,0,0,0,0,1,0,0,0,0,0,0,0,20501
2021,"Nick Madrigal","CHW",22,84,76,24,18,4,2,0,16,9,5,0,3,2,1,0,1,1,1,0.315789473,20521
2021,"Edwin Uceta","LAD",1,1,1,0,0,0,0,0,0,0,0,0,1,0,0,0,0,0,0,0,20539
2021,"Jose Devers","MIA",4,7,6,0,0,0,0,0,1,1,0,0,4,0,1,0,0,0,0,0,20540
2021,"Jordan Holloway","MIA",1,1,1,0,0,0,0,0,0,0,0,0,1,0,0,0,0,0,0,0,20631
2021,"Nico Hoerner","CHC",9,35,29,9,5,4,0,0,1,5,6,1,6,0,0,0,0,1,0,0.310344827,21479
2021,"Jonathan India","CIN",21,79,67,16,12,1,2,1,9,14,5,1,20,4,3,0,2,0,0,0.23880597,21523
2021,"Kyle Isbel","KCR",11,36,34,9,8,0,1,0,5,3,2,0,15,0,0,0,0,1,0,0.264705882,21614
2021,"Alec Bohm","PHI",26,102,92,19,14,3,0,2,9,13,6,0,27,0,4,0,2,2,0,0.206521739,21618
2021,"Nick Maton","PHI",11,41,39,13,9,4,0,0,2,1,1,0,11,1,0,0,0,0,0,0.333333333,21635
2021,"Rodolfo Castro","PIT",1,3,3,0,0,0,0,0,0,0,0,0,1,0,0,0,0,0,0,0,21987
2021,"Akil Baddoo","DET",20,66,63,14,3,4,3,4,6,13,2,0,29,0,1,0,0,1,0,0.222222222,22168
2021,"Luis Campusano","SDP",11,38,34,3,3,0,0,0,0,1,4,0,11,0,0,0,2,0,0,0.088235294,22217
2021,"Paul Campbell","MIA",1,1,1,0,0,0,0,0,0,0,0,0,1,0,0,0,0,0,0,0,22248
2021,"Trevor Rogers","MIA",5,10,8,0,0,0,0,0,0,0,0,0,5,0,0,2,0,0,0,0,22286
2021,"Johan Oviedo","STL",2,4,4,0,0,0,0,0,0,1,0,0,3,0,0,0,0,0,0,0,22487
2021,"Alejandro Kirk","TOR",15,44,39,9,5,1,0,3,6,8,4,0,6,1,0,0,3,0,0,0.23076923,22581
2021,"Geraldo Perdomo","ARI",4,13,10,1,1,0,0,0,1,0,3,1,2,0,0,0,0,0,0,0.1,22799
2021,"Tucupita Marcano","SDP",10,13,12,2,1,1,0,0,1,1,1,0,1,0,0,0,1,0,0,0.166666666,22871
2021,"Luis Garcia","HOU",1,2,2,0,0,0,0,0,0,0,0,0,0,0,0,0,0,0,0,0,23735
2021,"Ryan Weathers","SDP",4,5,5,0,0,0,0,0,0,0,0,0,2,0,0,0,0,0,0,0,23796
2021,"Ryan Jeffers","MIN",11,37,34,5,4,1,0,0,3,1,3,0,18,0,0,0,0,0,0,0.147058823,24618
2021,"Cody Wilson","WSN",1,1,1,0,0,0,0,0,0,0,0,0,0,0,0,0,0,0,0,0,24671
2021,"Drew Rasmussen","MIL",1,1,1,0,0,0,0,0,0,0,0,0,1,0,0,0,0,0,0,0,25385
2021,"Andrew Vaughn","CHW",16,55,47,12,7,5,0,0,7,1,7,0,17,1,0,0,1,0,0,0.255319148,26197
2021,"Kwang Hyun Kim","STL",3,5,5,1,1,0,0,0,0,0,0,0,2,0,0,0,0,0,0,0.2,27458
2021,"Yoshi Tsutsugo","TBR",20,70,63,11,8,3,0,0,4,5,6,0,22,0,0,1,0,0,0,0.174603174,27459
2021,"Ha-Seong Kim","SDP",20,55,50,11,9,1,0,1,6,4,3,0,14,2,0,0,1,1,1,0.22,27506