#,Name,Team,W,L,SV,G,GS,IP,K/9,BB/9,HR/9,BABIP,LOB%,GB%,ERA,FIP,WAR
1,Tarik Skubal,DET,14,7,0,32,32,200,11,1.81,0.85,0.287,77.50%,,2.67,2.62,6.3
2,Garrett Crochet,BOS,15,8,0,32,32,197,11.18,2.36,0.89,0.3,77.50%,,2.9,2.81,5.8
3,Paul Skenes,PIT,13,8,0,32,32,189,10.62,2.35,0.81,0.291,76.90%,,2.84,2.82,5.4
4,Cristopher Sánchez,PHI,12,8,0,32,32,200,8.69,2.21,0.8,0.298,74.30%,,3.21,3.2,4.8
5,Logan Webb,SFG,14,9,0,32,32,202,8.5,2.01,0.71,0.303,73.60%,,3.18,3.03,4.5
6,Cole Ragans,KCR,11,8,0,29,29,163,11.15,3.2,0.96,0.292,74.20%,,3.4,3.19,4.1
7,Chris Sale,ATL,12,6,0,28,28,165,10.9,2.41,0.95,0.298,76.00%,,3.15,3.06,4
8,Max Fried,NYY,14,9,0,31,31,189,8.37,2.58,0.81,0.288,73.70%,,3.32,3.42,3.9
9,Hunter Brown,HOU,13,8,0,31,31,183,9.67,2.96,0.94,0.29,75.20%,,3.34,3.44,3.8
10,Sonny Gray,BOS,12,10,0,31,31,178,9.38,2.39,1.08,0.304,73.30%,,3.72,3.49,3.7
11,Jacob deGrom,TEX,11,8,0,29,29,169,10.03,2.11,1.23,0.282,74.20%,,3.5,3.45,3.7
12,Dylan Cease,TOR,12,9,0,31,31,173,10.53,3.39,1.05,0.287,74.70%,,3.57,3.53,3.7
13,Framber Valdez,DET,13,10,0,31,31,195,8.33,2.98,0.78,0.295,73.80%,,3.41,3.53,3.6
14,Yoshinobu Yamamoto,LAD,12,7,0,26,26,155,9.54,2.52,0.97,0.283,73.10%,,3.38,3.35,3.6
15,Bryan Woo,SEA,13,10,0,32,32,195,9.09,1.96,1.16,0.279,73.70%,,3.46,3.57,3.5
16,Zack Wheeler,PHI,11,7,0,26,26,157,9.81,2.36,1.01,0.287,74.40%,,3.31,3.33,3.5
17,Jesús Luzardo,PHI,12,10,0,31,31,179,9.94,2.8,1.17,0.291,73.00%,,3.78,3.63,3.5
18,Ranger Suarez,BOS,12,9,0,29,29,169,7.94,2.6,0.89,0.302,73.50%,,3.61,3.61,3.4
19,George Kirby,SEA,12,9,0,31,31,173,8.83,1.68,1.08,0.291,72.70%,,3.52,3.41,3.3
20,Joe Ryan,MIN,11,10,0,29,29,167,9.83,2.14,1.31,0.286,72.90%,,3.79,3.72,3.1
21,Shane McClanahan,TBR,9,7,0,24,24,139,9.73,2.54,1.04,0.289,75.60%,,3.33,3.39,3.1
22,Aaron Nola,PHI,11,10,0,31,31,180,8.86,2.26,1.3,0.294,71.20%,,4.12,3.89,3.1
23,Logan Gilbert,SEA,10,7,0,29,29,163,9.83,2.14,1.15,0.282,74.60%,,3.41,3.43,3.1
24,Kevin Gausman,TOR,12,10,0,31,31,182,8.76,2.6,1.19,0.291,73.20%,,3.88,3.83,3
25,Nathan Eovaldi,TEX,10,10,0,29,29,173,8.5,2.34,1.12,0.289,72.10%,,3.78,3.76,2.9
26,Brandon Woodruff,MIL,10,8,0,28,28,151,9.53,2.43,1.26,0.285,73.90%,,3.74,3.78,2.9
27,Michael King,SDP,10,9,0,29,29,161,9.47,3.26,1.12,0.288,74.90%,,3.68,3.87,2.9
28,Kyle Bradish,BAL,8,7,0,26,26,137,9.52,2.85,0.99,0.295,73.30%,,3.62,3.54,2.9
29,MacKenzie Gore,TEX,11,9,0,29,29,160,10.25,3.36,1.1,0.293,73.30%,,3.82,3.71,2.9
30,Drew Rasmussen,TBR,10,8,0,31,31,160,8.08,2.34,1.04,0.288,72.90%,,3.64,3.72,2.9
31,José Soriano,LAA,11,10,0,31,31,176,8.39,3.91,0.76,0.301,71.70%,,3.86,3.84,2.9
32,Spencer Strider,ATL,11,9,0,28,28,159,10.62,3.13,1.15,0.294,72.60%,,3.85,3.62,2.8
33,Sandy Alcantara,MIA,11,11,0,31,31,188,7.47,2.59,1.01,0.292,69.70%,,4.08,3.92,2.7
34,Blake Snell,LAD,10,6,0,24,24,132,11.18,4,1.03,0.289,75.50%,,3.55,3.54,2.7
35,Andrew Abbott,CIN,9,9,0,29,29,166,8.17,2.76,1.34,0.288,72.80%,,4.17,4.26,2.7
36,Freddy Peralta,NYM,11,9,0,29,29,162,9.83,3.37,1.19,0.279,73.40%,,3.83,3.93,2.6
37,Tyler Glasnow,LAD,8,6,0,24,24,133,10.5,3.32,1.13,0.289,73.60%,,3.68,3.59,2.6
38,Nick Pivetta,SDP,10,10,0,29,29,173,9.86,2.72,1.42,0.28,74.10%,,3.92,3.98,2.6
39,Tanner Bibee,CLE,11,11,0,31,31,182,8.42,2.68,1.21,0.287,73.10%,,3.91,4.04,2.5
40,Kris Bubic,KCR,10,8,0,34,24,145,8.71,3.05,0.97,0.298,73.60%,,3.75,3.71,2.5
41,Jack Flaherty,DET,11,10,0,29,29,160,9.87,3.27,1.19,0.294,72.70%,,4.01,3.89,2.5
42,Matthew Boyd,CHC,11,9,0,29,29,167,8.01,2.62,1.17,0.285,72.70%,,3.89,4.04,2.4
43,Nick Lodolo,CIN,9,9,0,28,28,153,9.17,2.48,1.25,0.293,70.20%,,4.13,4.04,2.4
44,Brady Singer,CIN,10,12,0,31,31,171,8.53,2.89,1.31,0.295,70.80%,,4.38,4.28,2.4
45,Mitch Keller,PIT,10,11,0,31,31,175,7.8,2.71,1.11,0.298,70.60%,,4.19,4.09,2.3
46,Luis Castillo,SEA,11,10,0,31,31,179,8.39,2.54,1.23,0.284,73.50%,,3.82,4,2.3
47,Yusei Kikuchi,LAA,9,10,0,31,31,169,9.21,3.32,1.33,0.303,73.80%,,4.21,4.21,2.3
48,Shohei Ohtani,LAD,8,5,0,23,23,116,10.71,3.12,1.18,0.278,74.60%,,3.51,3.65,2.3
49,Carlos Rodón,NYY,11,9,0,28,28,155,9.45,3.27,1.2,0.283,72.20%,,4,3.98,2.3
50,Emmet Sheehan,LAD,9,7,0,42,24,143,10.22,3.16,1.29,0.283,72.80%,,3.97,3.91,2.3
51,Ryan Pepiot,TBR,11,11,0,31,31,169,9.21,3.23,1.3,0.28,72.70%,,4.05,4.19,2.3
52,Chase Burns,CIN,7,6,0,27,19,107,10.39,2.63,1.22,0.29,73.30%,,3.74,3.51,2.3
53,David Peterson,NYM,9,8,0,29,29,163,8.08,3.52,0.86,0.298,72.70%,,3.85,3.9,2.3
54,Eury Pérez,MIA,8,9,0,28,28,135,9.65,3.09,1.26,0.282,71.70%,,4.04,3.93,2.3
55,Joe Musgrove,SDP,9,9,0,28,28,158,8.28,2.34,1.16,0.292,72.30%,,3.89,3.99,2.3
56,Steven Matz,TBR,7,7,0,35,23,136,7.98,2.45,1.14,0.298,73.00%,,3.95,3.93,2.2
57,Merrill Kelly,ARI,11,9,0,29,29,169,8.02,2.7,1.19,0.294,73.60%,,3.94,4.03,2.2
58,Reid Detmers,LAA,9,9,0,34,24,145,9.85,3.27,1.17,0.293,71.50%,,4.08,3.87,2.2
59,Michael Wacha,KCR,10,11,0,29,29,164,7.01,2.64,1.23,0.29,70.90%,,4.31,4.33,2.1
60,Bailey Ober,MIN,8,9,0,28,28,155,8.12,2.13,1.48,0.289,71.30%,,4.31,4.28,2.1
61,Clay Holmes,NYM,10,9,0,28,28,153,7.37,3.36,0.79,0.302,71.90%,,3.89,3.93,2.1
62,Zac Gallen,ARI,13,11,0,31,31,182,8.4,2.92,1.14,0.295,72.20%,,4.03,3.98,2.1
63,Casey Mize,DET,9,9,0,28,28,145,8.02,2.52,1.2,0.294,72.20%,,4.05,4.02,2.1
64,Gerrit Cole,NYY,8,7,0,23,23,136,8.94,2.61,1.29,0.28,72.70%,,3.93,3.99,2.1
65,Gavin Williams,CLE,10,9,0,31,31,168,9.21,3.8,1.12,0.288,74.60%,,3.85,4.08,2.1
66,Trevor Rogers,BAL,9,8,0,26,26,142,7.74,2.92,1.1,0.296,71.90%,,4.08,4.08,2.1
67,Cody Ponce,TOR,9,8,0,44,23,154,8.82,2.68,1.23,0.294,71.90%,,4.05,3.96,2.1
68,Braxton Ashcraft,PIT,8,9,0,45,23,149,7.94,2.72,0.97,0.299,72.80%,,3.84,3.82,2
69,Shane Smith,CHW,8,10,0,29,29,160,8.45,3.39,1.17,0.286,71.00%,,4.19,4.28,2
70,Brandon Pfaadt,ARI,10,10,0,29,29,162,8,2.06,1.23,0.302,70.40%,,4.22,3.95,2
71,Jeffrey Springs,ATH,10,10,0,29,29,162,7.7,2.83,1.42,0.289,72.50%,,4.38,4.49,2
72,Luis Severino,ATH,9,11,0,29,29,171,7.2,2.84,1.21,0.294,69.30%,,4.48,4.42,2
73,Jack Leiter,TEX,9,9,0,28,28,148,8.58,3.69,1.18,0.281,71.00%,,4.29,4.29,2
74,Reynaldo López,ATL,10,8,0,38,24,146,9.06,3.12,1.07,0.294,73.40%,,3.82,3.79,2
75,Nolan McLean,NYM,10,8,0,26,26,145,8.7,3.49,0.94,0.29,72.40%,,3.82,3.93,2
76,Grayson Rodriguez,LAA,6,7,0,21,21,113,9.44,3.01,1.18,0.296,72.70%,,3.95,3.87,1.9
77,Foster Griffin,WSN,7,8,0,33,23,139,8.06,2.59,1.16,0.299,71.30%,,4.12,4.01,1.9
78,Brayan Bello,BOS,9,10,0,28,28,153,7.49,3.18,1,0.301,70.70%,,4.22,4.13,1.9
79,Shane Bieber,TOR,7,6,0,29,19,119,8.23,2.09,1.12,0.293,73.50%,,3.7,3.7,1.9
80,Chris Bassitt,BAL,11,10,0,37,29,174,8.18,3.1,1.21,0.297,72.30%,,4.18,4.29,1.9
81,Bubba Chandler,PIT,9,9,0,38,26,149,8.33,3.46,1.07,0.292,71.80%,,4.11,4.18,1.9
82,Edward Cabrera,CHC,9,7,0,26,26,139,9.6,3.59,1.08,0.285,71.80%,,3.92,3.93,1.9
83,Cade Cavalli,WSN,7,9,0,26,26,137,7.69,3.17,0.99,0.297,70.20%,,4.19,4.14,1.8
84,Taj Bradley,MIN,7,8,0,34,24,141,8.54,3.16,1.21,0.292,71.00%,,4.25,4.12,1.8
85,Shota Imanaga,CHC,9,8,0,26,26,148,8.21,2,1.56,0.28,74.40%,,4.04,4.32,1.8
86,Shane Baz,BAL,9,9,0,28,28,152,8.85,3.21,1.28,0.292,71.50%,,4.28,4.24,1.8
87,Hunter Greene,CIN,5,4,0,15,15,83,10.62,2.92,1.22,0.275,72.50%,,3.73,3.73,1.8
88,Tatsuya Imai,HOU,9,9,0,26,26,153,8.55,3.65,1.16,0.305,71.60%,,4.37,4.27,1.8
89,Jacob Misiorowski,MIL,9,8,0,32,24,135,10.35,4.11,1.13,0.283,72.80%,,3.99,4.05,1.8
90,Justin Verlander,DET,8,8,0,26,26,141,7.43,2.83,1.27,0.288,71.50%,,4.31,4.38,1.7
91,Ryne Nelson,ARI,9,8,0,38,28,167,7.43,2.51,1.19,0.291,71.80%,,4.09,4.14,1.7
92,Dustin May,STL,9,11,0,36,26,163,8.16,3.28,1.08,0.288,70.20%,,4.19,4.18,1.7
93,Jacob Lopez,ATH,8,8,0,23,23,122,9.37,3.61,1.27,0.288,72.70%,,4.17,4.26,1.7
94,Trey Yesavage,TOR,6,5,0,32,21,115,9.81,3.75,1.04,0.284,73.00%,,3.8,3.79,1.7
95,Nick Martinez,TBR,9,10,0,47,21,147,6.95,2.47,1.14,0.294,69.60%,,4.32,4.17,1.7
96,Mike Burrows,HOU,7,7,0,34,26,137,8.88,3.05,1.3,0.287,72.70%,,4.11,4.17,1.7
97,Simeon Woods Richardson,MIN,7,8,0,34,26,143,8.15,3.34,1.28,0.29,71.50%,,4.38,4.37,1.7
98,Cam Schlittler,NYY,8,7,0,23,23,121,8.87,3.34,1.18,0.286,72.40%,,4.03,4.11,1.7
99,Kyle Freeland,COL,8,12,0,29,29,160,6.68,2.36,1.43,0.314,68.60%,,5.02,4.61,1.6
100,Noah Cameron,KCR,8,8,0,26,26,142,7.58,2.92,1.22,0.293,72.10%,,4.2,4.3,1.6
101,Bryce Miller,SEA,8,8,0,26,26,141,7.99,2.67,1.26,0.28,71.50%,,4.11,4.19,1.6
102,Braxton Garrett,MIA,6,6,0,27,19,112,7.82,2.21,1.11,0.298,72.20%,,3.88,3.92,1.6
103,Seth Lugo,KCR,9,10,0,28,28,160,7.58,2.98,1.32,0.294,71.80%,,4.39,4.47,1.6
104,Matthew Liberatore,STL,9,10,0,28,28,150,7.5,2.9,1.12,0.293,70.90%,,4.22,4.19,1.5
105,Michael McGreevy,STL,8,8,0,31,23,135,6.29,2.16,1.03,0.294,71.20%,,3.99,4.02,1.5
106,Quinn Priester,MIL,8,7,0,23,23,131,7.54,3.06,1.07,0.292,71.20%,,4.12,4.16,1.5
107,Roki Sasaki,LAD,7,6,0,38,18,113,9.41,3.2,1.22,0.297,71.70%,,4.16,4.05,1.5
108,Max Meyer,MIA,8,9,0,34,24,137,8.11,2.98,1.19,0.297,71.30%,,4.24,4.15,1.5
109,Eduardo Rodriguez,ARI,8,8,0,31,23,132,8.05,3.16,1.22,0.299,72.90%,,4.22,4.23,1.5
110,Chad Patrick,MIL,8,9,0,26,26,141,8.42,2.93,1.45,0.283,71.40%,,4.42,4.46,1.5
111,Davis Martin,CHW,7,10,0,28,28,150,7.03,3.09,1.26,0.294,70.20%,,4.54,4.56,1.5
112,Robbie Ray,SFG,10,10,0,31,31,174,9.11,3.35,1.31,0.289,73.70%,,4.12,4.23,1.5
113,Zebby Matthews,MIN,6,6,0,32,16,101,8.94,2.21,1.27,0.299,72.90%,,3.98,3.79,1.5
114,Spencer Schwellenbach,ATL,5,4,0,13,13,79,8.8,1.86,1.09,0.294,73.30%,,3.52,3.49,1.5
115,Joey Cantillo,CLE,8,7,0,54,21,144,9.59,3.95,1.11,0.29,75.40%,,3.8,4.02,1.5
116,Jared Jones,PIT,6,6,0,24,18,102,8.84,3.16,1.07,0.293,72.30%,,3.94,3.93,1.5
117,Jameson Taillon,CHC,9,9,0,26,26,141,6.99,2.12,1.47,0.285,71.10%,,4.4,4.49,1.5
118,Zach Eflin,BAL,9,9,0,34,24,147,6.91,1.73,1.41,0.296,70.70%,,4.35,4.3,1.4
119,Zack Littell,WSN,7,10,0,26,26,151,6.76,1.88,1.54,0.292,69.80%,,4.62,4.6,1.4
120,Kodai Senga,NYM,8,7,0,35,21,126,8.96,3.96,1.06,0.286,74.30%,,3.86,4.11,1.4
121,Cade Horton,CHC,8,8,0,24,24,127,7.86,2.87,1.23,0.282,71.60%,,4.12,4.24,1.4
122,Aaron Civale,ATH,7,8,0,24,24,130,7.81,2.87,1.44,0.286,69.60%,,4.64,4.58,1.4
123,Will Warren,NYY,7,8,0,43,21,132,8.86,3.22,1.23,0.291,71.10%,,4.25,4.14,1.4
124,Anthony Kay,CHW,7,9,0,41,21,140,7.39,3.39,1.19,0.3,71.40%,,4.41,4.46,1.4
125,Justin Steele,CHC,5,4,0,15,15,81,8.45,2.48,1.01,0.291,73.80%,,3.58,3.65,1.4
126,Sean Manaea,NYM,7,7,0,43,19,129,9.24,2.84,1.33,0.287,71.20%,,4.19,4.12,1.3
127,Landen Roupp,SFG,8,8,0,33,23,128,8.4,3.49,0.96,0.297,72.80%,,3.95,3.92,1.3
128,Andre Pallante,STL,8,9,0,24,24,133,6.31,3.47,0.85,0.3,70.40%,,4.25,4.22,1.3
129,Tyler Mahle,SFG,8,8,0,26,26,137,7.42,2.74,1.17,0.292,72.50%,,4.05,4.15,1.3
130,Parker Messick,CLE,7,7,0,23,23,121,8.32,3.07,1.19,0.294,73.30%,,4.03,4.19,1.3
131,Grant Holmes,ATL,9,8,0,39,23,148,8.54,3.47,1.17,0.3,72.40%,,4.19,4.23,1.3
132,Robby Snelling,MIA,6,6,0,18,18,95,7.76,3.14,1.08,0.295,72.90%,,4.03,4.1,1.3
133,Slade Cecconi,CLE,8,10,0,28,28,155,7.54,2.31,1.46,0.291,70.80%,,4.45,4.45,1.2
134,Dean Kremer,BAL,8,8,0,38,21,135,7.66,2.73,1.35,0.293,71.40%,,4.38,4.39,1.2
135,Jose Quintana,COL,8,10,0,26,26,144,6.39,3.56,1.27,0.302,70.20%,,4.86,4.85,1.2
136,Adrian Houser,SFG,8,9,0,26,26,147,6.43,2.99,0.97,0.299,70.70%,,4.23,4.24,1.2
137,Ryan Weathers,NYY,7,7,0,37,19,118,8.43,3.25,1.18,0.285,71.30%,,4.14,4.16,1.2
138,Cristian Javier,HOU,8,10,0,28,28,148,8.42,3.85,1.47,0.278,71.00%,,4.67,4.78,1.2
139,Max Scherzer,TOR,6,6,0,38,18,114,8.88,2.41,1.55,0.283,72.80%,,4.22,4.33,1.2
140,Logan Henderson,MIL,6,6,0,31,15,91,9.04,2.75,1.39,0.281,72.50%,,4.15,4.16,1.1
141,Sean Burke,CHW,7,10,0,26,26,141,8.44,4.02,1.43,0.289,71.30%,,4.74,4.79,1.1
142,Luis Morales,ATH,7,8,0,33,19,119,8,3.57,1.3,0.288,71.20%,,4.46,4.54,1.1
143,Kumar Rocker,TEX,6,6,0,34,16,98,8.07,2.79,1.14,0.296,70.60%,,4.2,4.03,1.1
144,Rhett Lowder,CIN,6,8,0,31,21,119,6.93,2.86,1.31,0.294,69.10%,,4.64,4.59,1.1
145,Bryce Elder,ATL,7,7,0,25,19,115,7.46,2.98,1.11,0.301,69.60%,,4.43,4.19,1.1
146,Logan Allen,CLE,7,8,0,31,21,123,7.41,3.46,1.23,0.294,73.00%,,4.3,4.52,1.1
147,Michael Lorenzen,COL,7,10,0,26,26,143,7.15,3.29,1.5,0.303,69.30%,,5.08,4.92,1.1
148,Ian Seymour,TBR,7,7,0,49,15,118,8.58,2.67,1.32,0.283,71.00%,,4.17,4.2,1.1
149,Johan Oviedo,BOS,6,6,0,39,15,99,8.68,3.75,1.13,0.294,71.00%,,4.29,4.27,1
150,Lucas Giolito,,6,8,0,23,23,125,8.04,3.47,1.41,0.293,71.00%,,4.68,4.64,1
151,Kyle Harrison,MIL,5,5,0,32,18,104,8.94,3.57,1.24,0.291,72.20%,,4.27,4.29,1
152,Chris Paddack,MIA,6,9,0,37,23,136,6.89,2.29,1.55,0.293,68.80%,,4.84,4.68,1
153,Miles Mikolas,WSN,7,10,0,26,26,139,5.94,2.05,1.49,0.295,69.30%,,4.77,4.76,1
154,Kyle Leahy,STL,6,7,0,53,15,123,7.44,3.26,1.03,0.295,71.50%,,4.16,4.16,1
155,Mick Abel,MIN,7,9,0,35,23,129,8.06,4.09,1.14,0.297,70.80%,,4.55,4.48,1
156,Lance McCullers Jr.,HOU,6,6,0,36,18,105,8.71,4.33,1.12,0.296,71.70%,,4.38,4.45,1
157,Patrick Sandoval,BOS,6,5,0,50,10,92,8.37,3.69,0.88,0.304,72.60%,,3.98,3.88,0.9
158,Jacob Latz,TEX,4,5,0,51,11,111,8.65,4.36,1.17,0.285,71.50%,,4.41,4.44,0.8
159,José Berríos,TOR,6,7,0,47,15,115,7.51,2.68,1.39,0.29,71.80%,,4.38,4.52,0.8
160,Tomoyuki Sugano,COL,6,9,0,21,21,116,5.73,2.11,1.64,0.308,69.10%,,5.17,5.05,0.8
161,Andrew Painter,PHI,6,7,0,32,19,112,7.81,3.46,1.44,0.291,70.50%,,4.73,4.69,0.8
162,Joe Boyle,TBR,5,5,0,33,11,79,10.08,4.85,1,0.288,72.90%,,4.05,4.12,0.8
163,Brandon Sproat,MIL,4,5,0,33,11,81,7.73,3.37,1.06,0.288,70.70%,,4.19,4.26,0.8
164,Janson Junk,MIA,5,6,0,50,10,95,6.52,1.88,1.19,0.296,69.00%,,4.34,4.14,0.8
165,Michael Soroka,ARI,6,6,5,52,11,101,9,3.3,1.07,0.291,70.90%,,4.08,4.03,0.8
166,Ryan Feltner,COL,5,7,0,34,16,101,7.42,3.73,1.3,0.308,68.10%,,5.15,4.73,0.8
167,Robert Gasser,MIL,4,4,0,36,10,76,8.32,2.82,1.22,0.287,72.20%,,4.06,4.21,0.7
168,J.T. Ginn,ATH,4,4,0,34,10,74,8.54,3.17,1.13,0.296,71.20%,,4.17,4.13,0.7
169,Hunter Barco,PIT,4,4,0,45,11,89,8.25,3.7,1.08,0.294,72.60%,,4.15,4.31,0.7
170,Chase Dollander,COL,5,9,0,23,23,114,7.71,4.02,1.42,0.302,67.80%,,5.27,5.01,0.7
171,Ryan Johnson,LAA,3,4,0,22,8,56,7.95,2.89,1.21,0.296,71.40%,,4.27,4.14,0.7
172,Richard Fitts,STL,7,8,0,36,23,128,6.77,2.72,1.28,0.291,70.70%,,4.42,4.5,0.7
173,Ryan Weiss,HOU,5,6,0,47,10,93,8.83,3.36,1.21,0.295,71.80%,,4.23,4.22,0.7
174,Jonathan Cannon,CHW,5,8,0,46,15,111,6.78,3.13,1.38,0.292,69.50%,,4.8,4.8,0.7
175,Patrick Corbin,,5,6,0,16,16,87,7.23,3.06,1.36,0.304,69.30%,,4.86,4.6,0.7
176,Andrew Alvarez,WSN,4,5,0,35,11,83,6.57,3.49,1.04,0.297,71.10%,,4.36,4.48,0.7
177,Randy Vásquez,SDP,7,9,0,36,24,137,6.15,3.27,1.32,0.286,69.40%,,4.8,4.95,0.7
178,Luis Gil,NYY,5,6,0,51,11,99,9.19,4.29,1.29,0.277,71.50%,,4.4,4.51,0.7
179,Corbin Burnes,ARI,3,2,0,6,6,39,8.64,2.8,0.92,0.292,74.00%,,3.51,3.59,0.6
180,David Festa,MIN,3,3,0,28,6,55,9.21,3.09,1.15,0.297,72.10%,,4.06,3.91,0.6
181,Gage Jump,ATH,3,3,0,10,10,49,7.8,3.06,1.23,0.293,71.30%,,4.31,4.32,0.6
182,Erick Fedde,CHW,6,8,0,28,18,109,6.89,3.48,1.47,0.291,69.60%,,4.96,4.96,0.6
183,Hurston Waldrep,ATL,4,4,0,11,11,61,8,3.93,1.02,0.298,71.40%,,4.29,4.26,0.6
184,Jake Irvin,WSN,6,8,0,31,19,120,6.74,2.93,1.44,0.291,69.20%,,4.82,4.82,0.6
185,Griffin Canning,SDP,6,7,0,32,18,108,8.04,3.39,1.41,0.292,71.80%,,4.53,4.6,0.6
186,Cody Bradford,TEX,5,5,0,40,8,75,7.67,2.15,1.38,0.285,69.90%,,4.35,4.23,0.6
187,Germán Márquez,SDP,6,8,0,27,19,109,6.66,3.09,1.41,0.299,68.70%,,5,4.83,0.6
188,Hunter Dobbins,STL,5,5,0,31,13,87,6.38,2.9,1.17,0.291,70.20%,,4.46,4.52,0.5
189,Stephen Kolek,KCR,4,4,0,36,8,72,6.38,2.83,0.91,0.301,69.50%,,4.25,4.17,0.5
190,Spencer Arrighetti,HOU,5,6,0,27,13,84,9.03,4.01,1.33,0.287,71.80%,,4.46,4.55,0.5
191,Connelly Early,BOS,2,2,0,13,5,34,9.04,3.32,0.97,0.296,72.00%,,3.87,3.84,0.5
192,Jon Gray,,2,2,0,6,6,35,7.77,2.87,1.25,0.292,69.80%,,4.46,4.28,0.5
193,Tyler Anderson,LAA,5,7,0,18,18,100,6.92,3.59,1.48,0.288,70.70%,,4.87,5.05,0.5
194,Alek Manoah,LAA,3,4,0,11,11,60,7.61,3.67,1.27,0.29,68.80%,,4.75,4.73,0.5
195,Colin Rea,CHC,5,5,0,48,8,86,7.15,2.53,1.31,0.289,70.80%,,4.36,4.41,0.4
196,Jordan Montgomery,TEX,2,3,0,16,6,47,7.37,2.9,1.23,0.297,71.20%,,4.38,4.34,0.4
197,Taijuan Walker,PHI,6,8,0,50,16,120,6.34,3.22,1.5,0.292,70.00%,,4.96,5.09,0.4
198,Payton Tolle,BOS,2,2,0,17,5,36,9.19,2.9,1.27,0.292,72.40%,,4.08,4,0.4
199,Brandon Williamson,CIN,4,6,0,35,13,88,7.39,3.71,1.46,0.291,69.60%,,4.98,4.98,0.4
200,Carson Whisenhunt,SFG,3,3,0,20,8,54,7.09,3.12,1.13,0.294,71.30%,,4.33,4.35,0.4
201,Trevor McDonald,SFG,4,4,0,34,8,72,7.01,2.98,0.98,0.297,70.30%,,4.19,4.22,0.4
202,George Klassen,LAA,2,3,0,18,6,45,8.21,3.78,1.23,0.295,70.90%,,4.54,4.49,0.3
203,Marcus Stroman,,3,3,0,10,10,51,6.31,3.5,1.16,0.295,69.30%,,4.71,4.7,0.3
204,Drew Thorpe,CHW,2,3,0,8,8,43,6.83,3.26,1.44,0.29,70.40%,,4.82,4.84,0.3
205,Jonah Tong,NYM,2,1,0,11,3,24,10.22,3.72,1.04,0.289,74.00%,,3.72,3.68,0.3
206,Josiah Gray,WSN,5,7,0,18,18,97,7.82,3.79,1.56,0.286,70.30%,,4.97,5.08,0.3
207,Clarke Schmidt,NYY,2,2,0,15,3,30,8.8,3.05,1.18,0.286,72.30%,,4.01,4.07,0.3
208,Quinn Mathews,STL,2,3,0,8,8,40,8.16,4.59,1.06,0.291,72.60%,,4.31,4.52,0.3
209,Caden Dana,LAA,4,6,0,13,13,69,7.92,3.94,1.47,0.291,69.60%,,4.99,4.96,0.3
210,Tanner Gordon,COL,3,4,0,30,6,57,6.52,2.05,1.69,0.306,68.00%,,5.25,4.9,0.3
211,Ryan Bergert,KCR,2,3,0,28,8,60,7.48,3.65,1.26,0.292,70.50%,,4.64,4.61,0.3
212,JR Ritchie,ATL,2,2,0,6,6,34,7.55,3.36,1.18,0.296,70.00%,,4.49,4.46,0.3
213,Martín Pérez,ATL,2,3,0,25,5,47,7.12,3.3,1.12,0.301,71.50%,,4.38,4.37,0.3
214,River Ryan,LAD,2,3,0,16,8,47,7.38,3.7,1.36,0.292,70.00%,,4.79,4.86,0.3
215,Jack Kochanowicz,LAA,4,5,0,35,10,76,5.65,3.31,1.18,0.298,67.60%,,4.97,4.92,0.2
216,Thomas White,MIA,1,1,0,5,5,24,8.91,4.36,1.08,0.291,72.60%,,4.21,4.36,0.2
217,José Urquidy,PIT,4,6,0,37,11,86,6.62,2.65,1.45,0.289,68.60%,,4.84,4.76,0.2
218,Didier Fuentes,ATL,1,2,0,5,5,23,8.05,3.07,1.36,0.292,70.30%,,4.61,4.5,0.2
219,Gavin Stone,LAD,2,2,0,15,3,29,7.98,2.95,1.29,0.292,70.50%,,4.42,4.29,0.2
220,Tanner McDougal,CHW,2,3,0,22,6,47,7.77,4.27,1.24,0.294,70.60%,,4.76,4.81,0.2
221,Noah Schultz,CHW,1,2,0,5,5,24,7.51,4.02,1.14,0.294,70.40%,,4.58,4.68,0.2
222,Jason Alexander,HOU,2,2,0,21,5,42,6.83,2.97,1.29,0.297,71.00%,,4.51,4.62,0.2
223,Blade Tidwell,SFG,2,2,0,21,3,36,7.87,3.5,1.16,0.291,71.70%,,4.31,4.37,0.2
224,Spencer Turnbull,,1,2,0,5,5,25,6.61,3.71,1.19,0.296,68.50%,,4.9,4.84,0.2
225,Walker Buehler,SDP,4,5,0,32,10,73,7.56,3.52,1.47,0.295,69.40%,,4.98,4.92,0.2
226,Austin Peterson,CLE,2,2,0,17,3,32,6.64,2.26,1.39,0.29,71.20%,,4.43,4.54,0.1
227,Carson Seymour,SFG,2,2,0,18,3,32,7.23,3.25,0.99,0.298,71.50%,,4.15,4.22,0.1
228,Hagen Smith,CHW,1,1,0,3,3,16,8.58,4.72,1.21,0.29,70.50%,,4.67,4.79,0.1
229,Gunnar Hoglund,ATH,3,4,0,28,6,57,6.64,2.71,1.54,0.291,69.70%,,4.86,4.93,0.1
230,Ty Johnson,TBR,1,1,0,2,2,9,8.88,3.26,1.21,0.287,70.80%,,4.22,4.22,0.1
231,Braden Nett,ATH,2,2,0,19,3,32,7.56,4.35,1.15,0.295,70.20%,,4.73,4.73,0.1
232,JP Sears,SDP,2,2,0,19,3,33,8,2.46,1.61,0.28,71.30%,,4.5,4.68,0.1
233,Mitch Bratt,ARI,0,0,0,2,2,9,7.56,2.35,1.24,0.294,72.10%,,4.14,4.15,0.1
234,Trey Gibson,BAL,0,1,0,2,2,9,7.98,3.33,1.16,0.297,70.10%,,4.43,4.34,0.1
235,Ricky Tiedemann,TOR,1,1,0,10,2,16,9.24,4.4,1.07,0.287,71.40%,,4.24,4.37,0.1
236,Wade Miley,,1,2,0,5,5,24,5.68,3.18,1.31,0.295,67.40%,,5.06,4.97,0.1
237,Tyler Uberstine,BOS,0,1,0,2,2,9,7.57,3.07,1.3,0.296,70.10%,,4.62,4.5,0.1
238,McCade Brown,COL,1,2,0,11,3,23,8.31,3.87,1.51,0.303,68.40%,,5.26,4.97,0.1
239,Austin Gomber,TEX,0,1,0,2,2,9,6.56,2.46,1.56,0.29,67.30%,,5.04,4.8,0.1
240,Kohl Drake,ARI,1,1,0,2,2,8,7.92,3.4,1.21,0.295,72.10%,,4.33,4.38,0.1
241,Tink Hence,STL,0,0,0,2,2,8,7.68,3.65,1.21,0.289,71.40%,,4.4,4.5,0.1
242,Mitch Farris,LAA,0,1,0,2,2,9,7.94,3.93,1.38,0.294,70.70%,,4.81,4.77,0.1
243,Brody Hopkins,TBR,0,1,0,2,2,8,7.78,4.16,1.2,0.289,70.30%,,4.66,4.79,0.1
244,Sean Sullivan,COL,0,1,0,2,2,9,6.59,2.64,1.62,0.298,67.10%,,5.29,5.04,0.1
245,Cal Quantrill,TEX,0,1,0,2,2,8,6.72,3.03,1.42,0.29,66.80%,,5.06,4.86,0
246,Matt Waldron,SDP,0,1,0,2,2,9,7.11,2.81,1.42,0.289,68.20%,,4.83,4.69,0
247,Trenton Denholm,CLE,1,1,0,2,2,9,5.86,2.47,1.41,0.292,70.60%,,4.68,4.78,0
248,Ben Kudrna,KCR,1,1,0,10,2,16,6.86,3.94,1.14,0.294,69.40%,,4.8,4.71,0
249,Ryan Webb,CLE,0,1,0,2,2,9,7.27,3.96,1.22,0.295,71.40%,,4.61,4.8,0
250,Pete Hansen,STL,0,1,0,2,2,9,5.95,2.86,1.29,0.293,70.70%,,4.6,4.76,0
251,Sam Aldegheri,LAA,1,2,0,5,5,26,6.62,4.16,1.5,0.291,68.70%,,5.35,5.42,0
252,Jean Cabrera,PHI,0,1,0,2,2,9,6.59,3.67,1.38,0.292,68.90%,,5.03,5.06,0
253,Jared Lyons,CIN,0,1,0,2,2,9,6.77,3.8,1.55,0.292,68.70%,,5.31,5.23,0
254,Casey Lawrence,SEA,0,1,0,2,2,9,4.57,2.05,1.51,0.293,68.80%,,4.99,5.1,0
255,Riley Cornelio,WSN,1,1,0,10,2,16,6.66,4,1.37,0.293,69.90%,,5.02,5.06,0
256,Yoniel Curet,PHI,0,1,0,2,2,8,7.8,4.69,1.46,0.286,68.30%,,5.28,5.39,0
