#,Name,Team,G,PA,HR,R,RBI,SB,BB%,K%,ISO,BABIP,AVG,OBP,SLG,wOBA,wRC+,BsR,Off,Def,WAR
1,Aaron Judge,NYY,149,644,43,111,111,9,17.90%,24.60%,0.303,0.326,0.285,0.418,0.588,0.416,172,-1.4,53.3,-4.6,7.3
2,Bobby Witt Jr.,KCR,157,679,29,104,95,33,7.20%,17.20%,0.224,0.312,0.288,0.344,0.512,0.362,131,3.3,27.9,14.3,6.7
3,Cal Raleigh,SEA,159,637,41,88,103,8,12.20%,26.80%,0.263,0.252,0.23,0.33,0.494,0.347,130,-1.6,21.2,11.9,6.4
4,Shohei Ohtani,LAD,157,679,48,129,119,26,13.80%,24.10%,0.317,0.311,0.282,0.385,0.599,0.407,165,1.8,54.3,-17.0,6.1
5,Juan Soto,NYM,159,686,38,114,102,23,18.70%,17.60%,0.256,0.282,0.272,0.411,0.528,0.4,163,0.5,51.7,-14.7,6.1
6,Gunnar Henderson,BAL,156,672,29,102,89,23,10.50%,20.90%,0.217,0.312,0.273,0.354,0.49,0.362,135,2.6,30.4,5.1,6.0
7,Julio Rodriguez,SEA,159,686,31,96,101,26,7.00%,22.00%,0.206,0.308,0.27,0.33,0.477,0.345,129,2.0,25.2,8.8,5.9
8,Fernando Tatis Jr.,SDP,156,672,30,102,90,25,11.20%,19.50%,0.212,0.299,0.27,0.358,0.482,0.361,137,2.1,31.2,-0.6,5.4
9,Ronald Acuna Jr.,ATL,151,651,31,115,84,26,14.10%,20.40%,0.226,0.324,0.286,0.393,0.512,0.389,152,2.7,42.7,-11.9,5.4
10,Francisco Lindor,NYM,146,630,26,94,78,22,8.80%,18.20%,0.191,0.285,0.261,0.337,0.452,0.341,123,1.1,18.1,9.8,5.0
11,Mookie Betts,LAD,151,651,24,95,90,9,11.20%,11.80%,0.194,0.278,0.274,0.358,0.468,0.356,130,-0.5,22.7,3.9,4.9
12,Kyle Tucker,LAD,151,651,33,101,99,22,13.50%,14.70%,0.237,0.27,0.268,0.37,0.505,0.374,142,1.7,34.1,-7.6,4.9
13,Jose Ramirez,CLE,157,679,29,95,96,32,9.80%,11.70%,0.21,0.272,0.273,0.347,0.484,0.347,125,2.2,22.2,2.2,4.9
14,Alejandro Kirk,TOR,125,495,15,52,63,1,10.20%,12.10%,0.15,0.283,0.272,0.35,0.422,0.336,117,-2.1,7.8,14.6,4.9
15,Vladimir Guerrero Jr.,TOR,157,679,34,98,105,5,11.40%,13.60%,0.228,0.298,0.294,0.379,0.521,0.382,149,-1.4,37.5,-13.6,4.8
16,Corbin Carroll,ARI,146,630,27,100,88,33,10.70%,20.90%,0.235,0.292,0.259,0.347,0.494,0.359,130,5.0,27.6,-1.8,4.8
17,Elly De La Cruz,CIN,156,672,25,97,89,41,9.80%,25.80%,0.197,0.328,0.262,0.338,0.459,0.341,115,4.4,15.9,7.9,4.7
18,Geraldo Perdomo,ARI,159,686,15,96,72,23,12.20%,12.90%,0.142,0.289,0.266,0.363,0.408,0.34,118,1.2,15.4,7.8,4.7
19,Pete Crow-Armstrong,CHC,149,644,26,88,92,34,5.40%,24.00%,0.202,0.297,0.254,0.303,0.456,0.324,109,3.0,10.2,14.2,4.7
20,Junior Caminero,TBR,154,665,39,89,116,6,6.90%,19.10%,0.243,0.28,0.27,0.323,0.513,0.355,128,-0.4,21.8,0.2,4.6
21,Ketel Marte,ARI,147,637,27,94,86,6,10.90%,16.30%,0.213,0.29,0.274,0.359,0.487,0.362,132,-0.6,23.8,-0.1,4.6
22,Patrick Bailey,SFG,133,525,11,53,53,3,7.90%,26.00%,0.121,0.293,0.228,0.291,0.349,0.282,81,-0.7,-12.3,22.4,4.6
23,William Contreras,MIL,152,610,20,80,77,6,11.70%,19.00%,0.17,0.309,0.27,0.358,0.44,0.346,124,-1.2,15.9,7.5,4.5
24,Wyatt Langford,TEX,149,644,25,90,80,22,11.70%,22.60%,0.196,0.302,0.257,0.349,0.453,0.347,125,1.5,20.4,1.2,4.5
25,Trea Turner,PHI,149,644,19,92,73,28,6.60%,18.30%,0.16,0.323,0.283,0.334,0.442,0.336,114,4.0,14.9,7.1,4.4
26,Yordan Alvarez,HOU,130,560,30,83,85,3,12.70%,17.30%,0.25,0.311,0.294,0.391,0.545,0.393,156,-1.6,35.4,-11.9,4.4
27,Corey Seager,TEX,131,567,26,77,78,3,11.10%,18.20%,0.21,0.289,0.268,0.354,0.479,0.353,129,-1.5,18.2,4.9,4.4
28,Matt Chapman,SFG,156,672,27,89,84,9,11.40%,24.60%,0.197,0.289,0.242,0.336,0.439,0.337,119,-0.5,14.4,5.8,4.3
29,Bo Bichette,NYM,152,658,19,81,86,6,6.40%,16.30%,0.156,0.324,0.291,0.338,0.447,0.339,121,-0.9,15.8,4.9,4.3
30,Jackson Merrill,SDP,146,630,24,82,84,7,6.60%,19.10%,0.193,0.301,0.27,0.321,0.462,0.335,119,0.3,14.4,6.8,4.3
31,Zach Neto,LAA,154,665,28,94,85,28,6.90%,23.90%,0.204,0.3,0.255,0.325,0.459,0.337,115,1.4,13.4,5.7,4.3
32,Adley Rutschman,BAL,141,566,19,68,68,1,11.30%,15.70%,0.172,0.274,0.255,0.34,0.426,0.334,116,-1.2,9.4,8.8,4.0
33,Willy Adames,SFG,157,679,27,85,87,12,10.70%,24.40%,0.186,0.279,0.236,0.321,0.422,0.323,109,-0.1,7.2,9.4,4.0
34,Nico Hoerner,CHC,154,665,9,79,65,27,6.40%,9.30%,0.106,0.299,0.281,0.336,0.387,0.318,105,2.3,6.3,10.2,4.0
35,Bryce Harper,PHI,154,665,29,90,95,11,12.20%,21.50%,0.219,0.314,0.274,0.365,0.492,0.366,135,-0.1,27.1,-11.5,3.9
36,Gabriel Moreno,ARI,112,443,11,53,54,4,9.50%,17.00%,0.142,0.318,0.279,0.351,0.421,0.336,115,-0.5,7.4,13.0,3.8
37,Dansby Swanson,CHC,159,686,22,82,80,16,8.50%,25.40%,0.157,0.298,0.241,0.308,0.398,0.308,98,1.3,0.1,14.0,3.8
38,Steven Kwan,CLE,154,665,11,86,60,19,9.10%,9.20%,0.111,0.295,0.279,0.349,0.39,0.326,110,1.1,9.3,4.6,3.8
39,Alex Bregman,CHC,156,672,23,87,82,3,11.00%,14.30%,0.171,0.262,0.25,0.341,0.421,0.333,115,-1.7,10.5,3.3,3.7
40,Maikel Garcia,KCR,154,665,13,87,69,27,8.50%,15.00%,0.135,0.302,0.269,0.332,0.404,0.322,103,1.9,4.3,8.7,3.7
41,Austin Riley,ATL,156,672,30,88,93,3,7.60%,25.90%,0.209,0.315,0.261,0.324,0.47,0.341,118,-1.0,13.7,-0.6,3.6
42,Masyn Winn,STL,149,644,15,81,67,13,7.00%,17.80%,0.133,0.293,0.255,0.313,0.389,0.307,98,0.8,-0.7,14.5,3.6
43,Michael Harris II,ATL,134,581,22,71,78,18,4.20%,19.20%,0.185,0.308,0.275,0.309,0.46,0.329,110,1.3,8.5,7.3,3.6
44,Jeremy Pena,HOU,141,609,17,76,69,16,5.80%,17.80%,0.151,0.307,0.271,0.325,0.421,0.324,108,1.1,7.0,7.0,3.6
45,Freddie Freeman,LAD,151,651,24,89,91,8,10.60%,18.60%,0.198,0.321,0.284,0.367,0.482,0.363,135,-1.1,25.7,-12.6,3.6
46,Nick Kurtz,ATH,143,616,36,97,99,3,11.90%,28.00%,0.26,0.314,0.261,0.352,0.521,0.371,137,-0.7,26.4,-12.9,3.6
47,Byron Buxton,MIN,130,560,29,85,76,17,7.80%,27.40%,0.24,0.297,0.249,0.317,0.489,0.342,119,2.6,15.5,0.0,3.6
48,Pete Alonso,BAL,157,679,38,89,111,2,9.00%,22.50%,0.251,0.289,0.264,0.343,0.515,0.363,136,-2.3,26.8,-15.5,3.6
49,Riley Greene,DET,151,651,29,85,97,3,8.80%,27.10%,0.213,0.326,0.264,0.333,0.477,0.347,123,-1.0,16.9,-5.0,3.5
50,Jacob Wilson,ATH,143,616,14,75,78,6,5.60%,7.80%,0.137,0.302,0.295,0.342,0.432,0.336,113,-0.8,8.8,4.2,3.5
51,Roman Anthony,BOS,146,630,19,92,70,9,13.20%,24.70%,0.175,0.337,0.266,0.367,0.441,0.353,124,-0.4,17.2,-4.9,3.5
52,Kevin McGonigle,DET,123,532,16,74,63,10,10.50%,13.70%,0.174,0.271,0.256,0.337,0.429,0.333,114,-0.7,8.1,7.0,3.4
53,Manny Machado,SDP,149,644,26,80,90,9,8.30%,19.70%,0.185,0.292,0.263,0.325,0.448,0.332,117,-0.6,12.2,-0.4,3.4
54,Matt Olson,ATL,159,686,32,91,97,1,11.80%,24.10%,0.22,0.295,0.253,0.345,0.473,0.352,126,-1.8,19.4,-9.3,3.4
55,Carlos Correa,HOU,131,567,18,66,67,0,8.90%,20.40%,0.158,0.306,0.262,0.331,0.42,0.327,110,-0.9,5.9,7.2,3.3
56,Will Smith,LAD,126,500,19,67,67,2,11.70%,19.40%,0.189,0.284,0.255,0.352,0.444,0.345,122,-1.6,11.7,9.1,3.3
57,Cody Bellinger,NYY,143,616,24,82,89,11,8.30%,14.70%,0.184,0.273,0.264,0.326,0.448,0.332,114,0.2,10.7,0.6,3.3
58,Xander Bogaerts,SDP,141,609,13,72,60,17,8.40%,17.60%,0.126,0.304,0.264,0.33,0.391,0.316,106,1.5,5.5,6.3,3.3
59,Drake Baldwin,ATL,139,571,23,71,78,1,9.30%,18.00%,0.191,0.292,0.267,0.341,0.458,0.346,122,-1.1,13.8,-0.7,3.2
60,Rafael Devers,SFG,159,686,31,94,93,2,12.40%,24.20%,0.216,0.297,0.253,0.351,0.469,0.35,128,-1.6,20.8,-12.3,3.2
61,Austin Wells,NYY,117,461,19,51,62,5,8.50%,24.40%,0.19,0.261,0.227,0.299,0.417,0.31,99,-0.3,-0.6,8.9,3.2
62,Ceddanne Rafaela,BOS,141,609,18,78,76,21,4.70%,20.80%,0.167,0.304,0.261,0.303,0.428,0.315,97,1.1,-0.8,11.0,3.2
63,James Wood,WSN,149,644,27,89,86,16,12.10%,29.00%,0.211,0.341,0.261,0.353,0.472,0.355,128,0.0,21.7,-12.0,3.2
64,Marcus Semien,NYM,149,644,20,82,75,9,9.00%,16.40%,0.152,0.263,0.242,0.314,0.394,0.31,101,0.2,1.2,8.2,3.2
65,Brent Rooker,ATH,154,665,34,89,107,6,9.60%,25.20%,0.236,0.313,0.266,0.342,0.503,0.36,130,-0.8,22.8,-15.5,3.1
66,Andy Pages,LAD,139,602,26,75,85,10,6.10%,21.60%,0.199,0.289,0.257,0.311,0.455,0.329,112,-0.2,8.2,1.9,3.1
67,Jazz Chisholm Jr.,NYY,139,602,28,78,86,31,9.80%,25.90%,0.202,0.279,0.238,0.318,0.44,0.328,111,2.6,10.7,-1.4,3.1
68,Luke Keaschall,MIN,131,567,11,71,65,25,9.90%,16.70%,0.13,0.305,0.265,0.352,0.396,0.331,112,1.2,8.9,1.5,3.1
69,Gleyber Torres,DET,152,658,18,83,72,6,11.30%,17.10%,0.147,0.292,0.26,0.347,0.407,0.332,113,-1.8,8.0,-0.7,3.1
70,Brice Turang,MIL,151,651,14,83,68,28,9.20%,20.60%,0.128,0.311,0.259,0.328,0.387,0.314,101,2.3,3.4,4.6,3.0
71,Dillon Dingler,DET,109,429,13,46,55,1,6.70%,24.90%,0.16,0.302,0.245,0.306,0.404,0.309,97,-0.6,-2.1,13.6,3.0
72,Ezequiel Tovar,COL,151,651,21,81,76,9,5.10%,24.00%,0.177,0.324,0.266,0.306,0.443,0.322,92,-0.4,-6.2,13.7,3.0
73,Kyle Schwarber,PHI,159,686,44,103,105,7,14.70%,28.50%,0.269,0.255,0.227,0.348,0.496,0.361,131,-1.9,23.2,-17.0,3.0
74,Brendan Donovan,SEA,130,560,12,68,55,5,8.90%,13.70%,0.131,0.301,0.273,0.348,0.404,0.331,119,-1.4,11.0,-1.4,3.0
75,Michael Busch,CHC,139,602,28,84,82,4,10.50%,24.50%,0.223,0.296,0.253,0.339,0.476,0.35,127,-1.2,18.4,-9.7,2.9
76,CJ Abrams,WSN,146,630,20,87,68,31,6.00%,18.80%,0.171,0.287,0.254,0.314,0.426,0.32,105,3.2,6.7,0.7,2.9
77,Jackson Chourio,MIL,151,651,25,92,88,24,6.00%,20.10%,0.197,0.308,0.272,0.318,0.469,0.336,116,2.0,14.7,-8.0,2.9
78,Ivan Herrera,STL,141,601,19,75,77,10,10.60%,19.60%,0.164,0.317,0.274,0.362,0.437,0.349,127,0.0,19.2,-11.0,2.9
79,Bryson Stott,PHI,144,623,14,73,67,25,8.90%,16.50%,0.132,0.291,0.258,0.327,0.39,0.314,99,2.2,1.5,5.8,2.9
80,Josh Naylor,SEA,144,623,23,74,92,18,8.20%,14.80%,0.181,0.283,0.269,0.332,0.45,0.335,122,0.6,16.7,-10.1,2.9
81,Xavier Edwards,MIA,139,602,5,72,50,27,8.70%,13.70%,0.084,0.322,0.281,0.345,0.365,0.314,100,2.2,2.0,5.8,2.8
82,Andres Gimenez,TOR,138,595,14,68,66,20,5.80%,17.20%,0.129,0.285,0.251,0.313,0.38,0.304,94,1.5,-2.4,9.4,2.8
83,Francisco Alvarez,NYM,112,446,22,54,63,1,9.30%,25.60%,0.21,0.276,0.238,0.318,0.448,0.331,116,-0.7,7.5,3.2,2.8
84,Oneil Cruz,PIT,125,539,22,73,65,29,10.70%,30.20%,0.202,0.309,0.237,0.323,0.44,0.328,109,3.0,8.5,0.6,2.8
85,Ian Happ,CHC,152,658,23,84,79,8,12.50%,23.70%,0.181,0.293,0.243,0.342,0.424,0.335,117,-0.6,12.4,-7.2,2.8
86,Trent Grisham,NYY,126,546,24,73,65,6,13.20%,24.80%,0.197,0.251,0.217,0.327,0.414,0.326,110,-0.6,6.0,2.2,2.8
87,Shea Langeliers,ATH,131,524,28,70,83,5,7.40%,22.40%,0.234,0.277,0.253,0.313,0.487,0.341,117,-0.3,10.0,3.2,2.8
88,Seiya Suzuki,CHC,143,616,26,77,86,7,10.80%,25.20%,0.208,0.309,0.256,0.339,0.464,0.346,124,-1.1,16.4,-10.1,2.7
89,Yandy Diaz,TBR,151,651,20,83,79,3,9.60%,14.90%,0.16,0.319,0.292,0.365,0.452,0.355,128,-1.8,19.6,-15.2,2.7
90,Kazuma Okamoto,TOR,130,560,25,66,83,2,9.40%,17.90%,0.204,0.264,0.25,0.329,0.453,0.335,116,-1.1,9.5,-2.2,2.7
91,JJ Wetherholt,STL,130,560,12,72,58,13,10.00%,16.80%,0.125,0.292,0.254,0.34,0.379,0.319,106,0.5,4.7,3.1,2.7
92,Daulton Varsho,TOR,138,595,29,80,84,9,7.70%,25.60%,0.218,0.257,0.226,0.292,0.444,0.315,102,-0.2,1.3,4.5,2.7
93,Taylor Ward,BAL,152,658,28,84,89,5,10.50%,24.30%,0.202,0.284,0.243,0.328,0.445,0.335,117,-1.6,11.4,-7.8,2.7
94,Jordan Westburg,BAL,102,441,19,61,61,4,6.40%,22.30%,0.206,0.301,0.262,0.317,0.468,0.338,119,-0.4,9.2,1.8,2.7
95,Otto Lopez,MIA,141,609,12,67,65,16,7.10%,15.00%,0.124,0.297,0.266,0.321,0.39,0.311,97,0.3,-1.7,7.2,2.6
96,Ernie Clement,TOR,149,644,13,77,71,9,4.40%,9.90%,0.127,0.283,0.271,0.306,0.398,0.305,95,-0.1,-3.6,7.0,2.6
97,Ben Rice,NYY,128,546,27,75,79,4,10.30%,21.00%,0.225,0.264,0.244,0.331,0.468,0.345,123,-1.0,13.9,-7.6,2.6
98,Jeff McNeil,ATH,134,581,13,66,64,4,8.20%,12.20%,0.147,0.291,0.271,0.342,0.418,0.331,110,-1.3,5.4,-0.3,2.6
99,Caleb Durbin,BOS,130,560,11,68,62,22,7.20%,11.00%,0.137,0.274,0.258,0.334,0.395,0.321,102,1.1,2.2,3.4,2.5
100,J.P. Crawford,SEA,147,637,12,70,59,5,11.80%,19.20%,0.117,0.284,0.239,0.334,0.356,0.308,103,-0.7,1.8,1.1,2.5
101,Konnor Griffin,PIT,113,490,12,70,58,24,6.30%,24.70%,0.136,0.331,0.26,0.324,0.397,0.316,100,0.9,0.8,7.5,2.5
102,Colson Montgomery,CHW,139,602,27,73,84,3,8.40%,29.70%,0.196,0.27,0.218,0.296,0.414,0.308,96,-0.8,-3.4,7.2,2.5
103,Alec Bohm,PHI,141,609,16,70,78,3,6.80%,15.50%,0.15,0.307,0.278,0.331,0.428,0.328,109,-1.1,5.4,-1.2,2.5
104,Royce Lewis,MIN,131,567,22,65,76,12,7.40%,21.00%,0.18,0.284,0.251,0.309,0.431,0.319,104,0.4,2.9,1.9,2.5
105,Yainer Diaz,HOU,128,509,19,58,68,1,4.30%,17.30%,0.173,0.297,0.272,0.306,0.445,0.322,107,-0.6,3.6,5.9,2.5
106,Jose Altuve,HOU,144,623,21,83,70,13,8.40%,17.30%,0.162,0.295,0.266,0.334,0.428,0.33,113,-0.5,8.7,-6.0,2.5
107,Lawrence Butler,ATH,136,588,22,77,75,19,8.80%,25.50%,0.184,0.3,0.246,0.314,0.43,0.323,104,1.3,4.1,-0.2,2.5
108,Brandon Nimmo,TEX,146,630,20,80,69,9,9.70%,21.90%,0.161,0.297,0.25,0.332,0.411,0.326,110,-0.1,7.5,-5.3,2.4
109,Jonathan Aranda,TBR,141,609,21,77,80,2,10.10%,25.50%,0.169,0.333,0.266,0.35,0.435,0.342,119,-2.5,11.1,-8.2,2.4
110,Matt McLain,CIN,144,623,19,78,68,18,9.70%,27.60%,0.156,0.305,0.235,0.318,0.391,0.312,94,1.1,-3.0,6.0,2.4
111,Max Muncy,LAD,105,455,21,60,62,3,15.20%,25.10%,0.218,0.25,0.22,0.347,0.438,0.342,120,-1.2,9.8,-1.3,2.4
112,George Springer,TOR,138,595,25,86,75,13,10.30%,19.40%,0.192,0.285,0.258,0.342,0.449,0.343,121,0.9,16.0,-12.8,2.4
113,Wilyer Abreu,BOS,120,518,21,67,71,8,10.90%,24.60%,0.198,0.295,0.247,0.332,0.445,0.335,111,-0.5,6.2,-0.5,2.4
114,Isaac Paredes,HOU,117,504,21,61,68,1,11.50%,16.90%,0.194,0.256,0.243,0.346,0.438,0.343,121,-1.3,11.3,-5.4,2.4
115,Jarren Duran,BOS,139,602,16,79,69,21,8.00%,23.30%,0.182,0.319,0.258,0.326,0.441,0.331,108,3.0,8.9,-6.4,2.4
116,Bo Naylor,CLE,115,454,17,54,54,4,10.70%,24.10%,0.184,0.254,0.218,0.305,0.402,0.308,98,-0.7,-1.7,8.7,2.4
117,Joey Ortiz,MIL,146,630,12,73,66,15,7.40%,17.00%,0.133,0.284,0.248,0.309,0.381,0.302,93,0.7,-4.3,6.3,2.4
118,Mike Trout,LAA,130,560,26,75,71,3,13.80%,30.60%,0.208,0.303,0.233,0.347,0.442,0.34,118,-1.1,10.6,-6.9,2.4
119,Kyle Stowers,MIA,141,609,27,73,84,4,9.60%,28.30%,0.211,0.303,0.243,0.324,0.454,0.334,113,-0.4,9.1,-6.4,2.4
120,Trevor Story,BOS,154,665,22,82,85,24,5.70%,27.00%,0.165,0.316,0.251,0.299,0.416,0.309,93,2.6,-2.8,2.8,2.3
121,Hunter Goodman,COL,144,583,29,74,89,2,6.00%,25.60%,0.232,0.303,0.259,0.309,0.49,0.341,105,-0.9,2.8,0.2,2.3
122,Ryan Jeffers,MIN,130,523,16,60,59,3,9.50%,20.60%,0.163,0.285,0.245,0.331,0.409,0.324,107,-1.2,3.2,2.0,2.3
123,Luis Robert Jr.,NYM,131,567,21,69,76,29,7.40%,27.90%,0.17,0.295,0.235,0.298,0.405,0.304,97,1.3,-0.6,4.1,2.3
124,Jorge Polanco,NYM,125,539,23,65,76,5,9.70%,20.20%,0.191,0.276,0.251,0.327,0.442,0.333,117,-1.0,9.8,-5.5,2.3
125,Munetaka Murakami,CHW,136,588,30,76,83,9,13.60%,31.50%,0.217,0.298,0.232,0.342,0.449,0.342,120,-1.0,12.6,-11.1,2.2
126,Willson Contreras,BOS,141,609,23,75,82,5,9.40%,24.90%,0.194,0.307,0.251,0.344,0.445,0.344,117,-1.3,11.1,-10.6,2.2
127,Jakob Marsee,MIA,133,574,13,73,57,34,11.60%,21.40%,0.145,0.28,0.231,0.33,0.376,0.314,99,2.1,1.4,0.8,2.2
128,Chase Meidroth,CHW,130,560,8,69,46,13,11.30%,15.00%,0.096,0.288,0.252,0.348,0.348,0.314,100,-0.4,0.0,2.1,2.2
129,Colton Cowser,BAL,117,504,20,63,64,13,9.60%,31.10%,0.186,0.31,0.233,0.317,0.419,0.32,107,0.9,4.9,-1.0,2.2
130,Jake Cronenworth,SDP,146,630,15,71,65,4,10.90%,20.00%,0.14,0.277,0.234,0.332,0.374,0.313,104,-1.0,2.0,-1.7,2.2
131,Jung Hoo Lee,SFG,141,609,10,68,64,9,7.70%,10.70%,0.133,0.291,0.271,0.333,0.404,0.322,108,-0.1,6.0,-5.0,2.2
132,Dylan Crews,WSN,138,595,18,73,69,26,7.10%,22.00%,0.158,0.288,0.244,0.309,0.401,0.31,98,1.2,-0.2,1.7,2.2
133,Jake Meyers,HOU,110,476,10,55,47,13,8.10%,20.90%,0.127,0.304,0.251,0.319,0.378,0.307,97,0.4,-1.3,6.1,2.2
134,Brenton Doyle,COL,138,595,19,69,70,21,6.30%,26.50%,0.163,0.31,0.248,0.297,0.411,0.306,82,1.7,-11.2,12.5,2.2
135,Ozzie Albies,ATL,146,630,19,75,74,11,7.50%,14.80%,0.158,0.271,0.254,0.315,0.412,0.315,101,0.2,1.1,-0.9,2.2
136,Nolan Arenado,ARI,141,609,18,65,77,4,7.00%,14.10%,0.15,0.27,0.254,0.309,0.404,0.308,96,-0.9,-4.0,4.6,2.1
137,Alec Burleson,STL,141,609,22,70,80,6,7.00%,13.90%,0.17,0.29,0.276,0.329,0.446,0.335,117,-1.1,11.3,-10.7,2.1
138,Randy Arozarena,SEA,157,679,23,84,79,25,9.70%,26.40%,0.171,0.292,0.233,0.329,0.404,0.323,114,0.0,10.8,-13.5,2.1
139,Tommy Edman,LAD,115,497,15,62,59,10,6.50%,17.60%,0.156,0.278,0.25,0.305,0.407,0.309,98,0.9,-0.2,4.4,2.1
140,Luis Arraez,SFG,144,623,6,73,58,9,5.00%,4.20%,0.093,0.313,0.308,0.346,0.401,0.326,111,-0.3,8.1,-8.1,2.1
141,J.T. Realmuto,PHI,126,500,15,56,58,7,6.60%,24.20%,0.16,0.309,0.251,0.311,0.411,0.314,99,-0.4,-1.0,9.8,2.1
142,Colt Keith,DET,115,497,15,62,62,3,9.20%,21.00%,0.169,0.31,0.264,0.334,0.432,0.333,113,-0.1,7.7,-4.2,2.1
143,Matt Wallner,MIN,110,476,22,60,65,4,10.70%,30.80%,0.222,0.304,0.234,0.334,0.455,0.343,120,-0.9,10.2,-6.0,2.1
144,Lars Nootbaar,STL,117,504,15,63,52,6,12.30%,20.10%,0.163,0.286,0.247,0.343,0.409,0.33,114,-0.4,7.7,-4.1,2.1
145,Miguel Vargas,CHW,139,602,18,76,67,8,11.00%,18.80%,0.166,0.267,0.237,0.327,0.403,0.321,105,-0.5,3.2,-3.6,2.1
146,Freddy Fermin,SDP,122,480,11,48,49,3,6.80%,19.80%,0.12,0.283,0.242,0.297,0.361,0.289,87,-0.6,-8.0,12.2,2.1
147,Sal Frelick,MIL,118,511,8,60,53,15,7.90%,13.90%,0.116,0.303,0.271,0.335,0.387,0.318,104,0.7,3.0,0.2,2.1
148,Teoscar Hernandez,LAD,138,595,29,75,92,6,6.40%,26.40%,0.212,0.312,0.261,0.314,0.473,0.337,117,-1.1,10.7,-10.4,2.1
149,Tyler Soderstrom,ATH,136,588,26,71,87,5,8.40%,22.70%,0.202,0.293,0.256,0.325,0.458,0.337,114,-0.8,8.5,-8.7,2.1
150,Harrison Bader,SFG,123,532,15,62,59,15,6.40%,23.60%,0.143,0.307,0.251,0.309,0.395,0.308,99,-0.2,-1.1,3.2,2.0
151,Jackson Holliday,BAL,107,462,13,61,48,12,10.30%,21.60%,0.155,0.297,0.249,0.331,0.403,0.322,108,-0.5,3.8,-0.4,2.0
152,TJ Friedl,CIN,144,623,15,76,61,13,10.30%,16.90%,0.135,0.277,0.245,0.337,0.38,0.319,99,0.4,-0.2,-1.3,2.0
153,Anthony Volpe,NYY,109,469,14,54,53,17,7.80%,23.90%,0.163,0.275,0.228,0.293,0.391,0.298,91,1.2,-3.8,6.6,1.9
154,Spencer Torkelson,DET,147,637,28,80,88,2,10.80%,25.90%,0.21,0.279,0.235,0.324,0.445,0.332,113,-0.6,9.0,-12.0,1.9
155,Evan Carter,TEX,110,476,12,58,51,19,10.40%,22.30%,0.149,0.293,0.24,0.331,0.389,0.317,105,1.3,3.8,-1.4,1.9
156,Carlos Narvaez,BOS,107,423,11,46,46,3,9.90%,26.00%,0.147,0.29,0.228,0.311,0.375,0.302,89,-0.8,-6.5,9.4,1.9
157,Addison Barger,TOR,120,518,20,64,72,4,8.60%,23.50%,0.194,0.289,0.246,0.316,0.44,0.326,110,-0.6,5.2,-4.5,1.9
158,Spencer Horwitz,PIT,115,497,11,59,54,2,11.40%,18.10%,0.149,0.314,0.269,0.359,0.418,0.341,117,-1.2,9.1,-7.2,1.9
159,Vinnie Pasquantino,KCR,147,637,28,74,94,1,8.60%,14.80%,0.206,0.265,0.26,0.328,0.466,0.34,116,-1.8,10.0,-13.8,1.8
160,Carson Kelly,CHC,94,373,12,42,43,2,9.50%,20.40%,0.154,0.266,0.233,0.313,0.387,0.308,98,-0.9,-1.7,8.7,1.8
161,Heliot Ramos,SFG,147,637,22,77,78,7,7.70%,23.60%,0.168,0.309,0.257,0.325,0.425,0.326,111,-1.0,7.2,-10.6,1.8
162,Ramon Laureano,SDP,128,553,21,68,70,9,7.40%,27.10%,0.185,0.302,0.242,0.311,0.427,0.32,108,-0.9,4.6,-5.3,1.8
163,Brandon Lowe,PIT,126,546,23,69,68,4,8.20%,25.70%,0.19,0.291,0.243,0.31,0.434,0.321,104,-0.8,1.5,-2.3,1.8
164,Christian Yelich,MIL,146,630,20,81,80,17,11.10%,24.30%,0.158,0.317,0.256,0.343,0.414,0.33,112,1.4,10.5,-14.2,1.8
165,Carter Jensen,KCR,99,401,12,46,47,4,9.90%,25.90%,0.166,0.308,0.245,0.322,0.411,0.319,102,-0.1,0.6,2.6,1.8
166,Sean Murphy,ATL,96,390,17,44,48,0,9.70%,27.00%,0.194,0.266,0.222,0.313,0.416,0.318,103,-0.7,0.7,2.8,1.7
167,Justin Crawford,PHI,110,476,7,63,48,25,7.30%,20.70%,0.107,0.342,0.276,0.331,0.383,0.314,99,1.5,0.9,0.3,1.7
168,Ha-Seong Kim,ATL,96,413,9,47,42,15,10.70%,17.90%,0.123,0.282,0.244,0.33,0.368,0.309,97,0.7,-0.8,4.1,1.7
169,Josh Jung,TEX,128,553,18,60,66,4,5.50%,25.30%,0.156,0.306,0.248,0.294,0.404,0.303,95,-1.2,-4.8,2.4,1.7
170,Nolan Schanuel,LAA,143,616,15,74,65,6,11.20%,13.80%,0.137,0.289,0.265,0.357,0.402,0.334,114,-1.5,8.4,-12.9,1.7
171,Kerry Carpenter,DET,113,490,24,62,78,2,6.50%,23.70%,0.224,0.293,0.258,0.314,0.481,0.339,118,-1.0,9.3,-9.9,1.7
172,Nick Gonzales,PIT,97,420,8,46,45,2,6.30%,20.40%,0.142,0.318,0.264,0.318,0.405,0.315,99,-0.8,-1.2,3.5,1.7
173,Gavin Lux,TBR,105,455,7,53,41,3,10.50%,21.70%,0.116,0.322,0.257,0.337,0.373,0.315,101,-0.5,-0.2,0.8,1.7
174,Ryan McMahon,NYY,113,490,17,54,55,3,11.30%,31.90%,0.16,0.285,0.211,0.304,0.371,0.298,91,-0.8,-6.2,5.6,1.7
175,Kyle Teel,CHW,94,380,10,45,41,5,10.90%,25.20%,0.133,0.317,0.247,0.335,0.381,0.317,103,-0.4,0.8,2.0,1.6
176,Pedro Pages,STL,91,358,10,34,39,1,6.60%,25.70%,0.138,0.283,0.228,0.284,0.366,0.283,82,-0.7,-8.4,9.7,1.6
177,Victor Scott II,STL,133,574,8,64,49,38,8.00%,21.40%,0.098,0.28,0.226,0.299,0.324,0.279,79,4.0,-10.3,7.2,1.6
178,Kyle Manzardo,CLE,120,518,23,61,71,2,10.10%,23.40%,0.21,0.272,0.24,0.323,0.449,0.332,115,-0.6,8.4,-10.2,1.6
179,Christian Walker,HOU,138,595,27,70,80,3,8.50%,26.10%,0.199,0.271,0.231,0.306,0.43,0.318,104,-1.2,1.6,-6.1,1.6
180,Brayan Rocchio,CLE,117,504,10,57,51,12,8.10%,18.50%,0.127,0.278,0.239,0.31,0.366,0.298,91,-0.5,-5.7,4.2,1.6
181,Eugenio Suarez,CIN,143,616,35,79,97,3,8.60%,30.10%,0.239,0.28,0.235,0.312,0.474,0.336,111,-1.9,6.2,-11.0,1.6
182,Brandon Marsh,PHI,115,497,14,59,59,10,9.80%,28.30%,0.159,0.341,0.256,0.331,0.415,0.325,106,0.3,4.1,-5.0,1.6
183,Jared Triolo,PIT,120,518,9,58,48,14,10.60%,22.70%,0.118,0.309,0.245,0.329,0.363,0.308,94,0.3,-3.1,1.5,1.6
184,Mike Yastrzemski,ATL,110,476,17,59,53,5,11.50%,23.50%,0.187,0.271,0.229,0.323,0.416,0.321,105,-0.6,2.4,-2.8,1.6
185,Luis Garcia Jr.,WSN,115,497,15,59,64,13,5.50%,15.60%,0.158,0.295,0.272,0.312,0.43,0.32,104,-0.2,2.4,-3.6,1.6
186,Jordan Lawlar,ARI,110,476,10,57,51,17,8.70%,25.90%,0.146,0.308,0.237,0.312,0.383,0.305,93,1.2,-2.5,2.1,1.6
187,Ryan O'Hearn,PIT,126,546,15,64,63,3,9.20%,18.90%,0.153,0.308,0.267,0.341,0.42,0.331,110,-1.2,5.4,-8.4,1.5
188,Adolis Garcia,PHI,141,609,28,75,88,13,6.70%,26.30%,0.201,0.285,0.241,0.298,0.442,0.318,102,0.1,1.2,-6.3,1.5
189,Sal Stewart,CIN,117,504,18,65,69,8,8.00%,19.00%,0.176,0.295,0.264,0.328,0.44,0.333,109,0.0,5.3,-7.0,1.5
190,Connor Norby,MIA,117,504,15,62,59,9,7.20%,26.80%,0.158,0.311,0.245,0.304,0.403,0.308,95,-0.5,-3.4,1.7,1.5
191,Brooks Lee,MIN,138,595,16,63,68,4,6.60%,16.90%,0.142,0.274,0.248,0.299,0.389,0.3,90,-1.0,-7.9,2.4,1.5
192,Garrett Mitchell,MIL,92,399,9,48,44,14,9.60%,29.90%,0.147,0.329,0.238,0.317,0.385,0.309,98,0.8,-0.1,1.5,1.5
193,Brett Baty,NYM,100,434,17,52,55,5,8.40%,24.50%,0.174,0.298,0.249,0.317,0.424,0.322,109,-0.3,4.5,-4.3,1.5
194,Parker Meadows,DET,97,420,11,51,46,11,9.40%,24.80%,0.154,0.288,0.231,0.306,0.385,0.302,93,0.8,-2.8,2.9,1.5
195,Samuel Basallo,BAL,107,445,21,53,62,2,8.10%,24.70%,0.208,0.274,0.239,0.307,0.448,0.324,109,-0.6,4.2,-4.7,1.5
196,Ke'Bryan Hayes,CIN,123,532,10,55,53,11,6.80%,20.00%,0.111,0.292,0.244,0.3,0.355,0.288,78,0.4,-13.4,10.1,1.5
197,Dylan Beavers,BAL,89,385,12,48,44,10,11.70%,23.10%,0.161,0.299,0.246,0.338,0.407,0.327,111,0.0,5.0,-4.1,1.4
198,Cole Young,SEA,91,392,7,44,40,5,9.80%,17.00%,0.121,0.273,0.236,0.321,0.358,0.301,99,-0.5,-1.1,1.5,1.4
199,Daylen Lile,WSN,133,574,11,68,66,14,6.60%,17.90%,0.151,0.311,0.267,0.322,0.418,0.321,106,0.3,4.2,-9.4,1.4
200,Josh Smith,TEX,117,504,10,59,46,9,9.60%,18.80%,0.126,0.288,0.244,0.332,0.37,0.311,100,-0.2,0.1,-3.7,1.4
201,Salvador Perez,KCR,151,618,27,65,89,0,4.90%,20.90%,0.191,0.277,0.251,0.299,0.442,0.316,99,-3.0,-3.5,-1.5,1.4
202,Jac Caglianone,KCR,105,455,20,56,62,3,7.60%,21.40%,0.195,0.286,0.255,0.32,0.45,0.332,110,-0.5,4.9,-6.9,1.4
203,Yoan Moncada,LAA,105,455,15,51,54,1,9.20%,27.30%,0.168,0.307,0.239,0.318,0.407,0.316,101,-0.8,-0.1,-2.0,1.4
204,Agustin Ramirez,MIA,123,507,19,63,66,12,7.40%,19.60%,0.183,0.27,0.244,0.307,0.426,0.316,101,0.1,0.8,-4.5,1.4
205,Tyler O'Neill,BAL,100,434,21,56,59,5,10.20%,28.40%,0.208,0.286,0.235,0.32,0.443,0.329,112,-0.1,6.3,-7.6,1.4
206,Davis Schneider,TOR,75,322,12,40,39,4,12.90%,28.40%,0.187,0.278,0.22,0.328,0.407,0.324,108,-0.2,2.8,-0.4,1.4
207,Marcell Ozuna,PIT,122,525,23,63,70,0,12.40%,24.40%,0.194,0.29,0.246,0.343,0.441,0.341,117,-1.6,9.1,-13.1,1.4
208,Jose Trevino,CIN,71,282,7,29,29,1,5.60%,15.00%,0.127,0.262,0.24,0.286,0.367,0.285,76,-0.5,-8.5,8.7,1.4
209,Jesus Sanchez,TOR,97,420,15,51,52,9,8.50%,24.30%,0.178,0.295,0.246,0.313,0.424,0.32,105,0.2,2.8,-4.2,1.3
210,Bryan Reynolds,PIT,149,644,19,73,76,5,8.70%,24.50%,0.161,0.313,0.253,0.325,0.414,0.322,104,-0.8,2.4,-10.8,1.3
211,Chase DeLauter,CLE,107,462,13,54,52,3,9.40%,18.20%,0.155,0.279,0.248,0.32,0.403,0.316,103,-0.9,1.0,-3.9,1.3
212,Josh Lowe,LAA,115,497,15,59,57,21,7.90%,26.80%,0.166,0.32,0.251,0.313,0.416,0.315,100,1.8,2.1,-6.3,1.3
213,Nolan Gorman,STL,123,532,24,63,69,4,10.10%,32.10%,0.195,0.285,0.22,0.3,0.416,0.31,100,-1.4,-1.2,-3.6,1.3
214,Jo Adell,LAA,141,609,33,73,93,9,6.90%,26.90%,0.227,0.27,0.235,0.299,0.462,0.326,108,-0.8,4.9,-13.0,1.3
215,Cedric Mullins,TBR,110,476,14,56,54,20,9.00%,22.70%,0.155,0.266,0.225,0.3,0.38,0.298,89,1.0,-5.0,1.3,1.3
216,Denzel Clarke,ATH,97,420,9,50,44,14,7.80%,33.20%,0.141,0.335,0.229,0.301,0.369,0.295,85,0.9,-6.5,4.6,1.3
217,Kyle Isbel,KCR,113,490,9,58,48,9,6.30%,19.50%,0.128,0.289,0.243,0.297,0.371,0.292,83,0.1,-10.0,5.5,1.3
218,Danny Jansen,TEX,89,352,14,41,42,1,10.90%,23.60%,0.182,0.243,0.213,0.309,0.396,0.31,100,-0.9,-1.0,4.9,1.3
219,Jonathan India,KCR,115,497,11,59,46,5,10.30%,19.10%,0.134,0.287,0.243,0.338,0.378,0.318,101,-0.6,-0.1,-4.7,1.3
220,Jake Burger,TEX,138,595,27,70,85,2,5.40%,24.70%,0.202,0.279,0.242,0.293,0.444,0.316,104,-1.0,1.6,-9.8,1.3
221,Carson Williams,TBR,97,420,15,50,50,12,8.40%,34.60%,0.169,0.292,0.209,0.282,0.379,0.289,83,-0.1,-8.7,6.5,1.3
222,Nathan Lukes,TOR,68,294,6,35,34,3,8.20%,15.70%,0.135,0.304,0.27,0.334,0.405,0.323,108,-0.5,2.2,-0.1,1.2
223,Max Muncy,ATH,96,413,11,45,51,4,6.20%,27.80%,0.151,0.316,0.243,0.302,0.394,0.303,90,-0.7,-5.5,3.5,1.2
224,Joc Pederson,TEX,97,420,18,52,53,3,11.50%,23.00%,0.199,0.269,0.236,0.338,0.435,0.336,118,-0.9,7.9,-10.4,1.2
225,Isaac Collins,KCR,104,448,9,54,48,15,12.00%,21.70%,0.138,0.292,0.237,0.337,0.376,0.316,99,0.1,-0.2,-3.3,1.2
226,Victor Caratini,MIN,97,400,10,40,44,1,7.60%,17.40%,0.128,0.284,0.253,0.324,0.381,0.311,98,-1.2,-2.1,0.3,1.2
227,Luis Torrens,NYM,55,218,5,21,24,1,6.50%,22.30%,0.138,0.294,0.244,0.298,0.382,0.297,92,-0.4,-2.4,6.2,1.2
228,Gabriel Arias,CLE,112,483,14,49,52,9,6.10%,30.80%,0.149,0.31,0.23,0.284,0.378,0.288,84,-0.2,-9.2,4.4,1.2
229,Cam Smith,HOU,117,504,12,58,55,8,8.50%,25.80%,0.14,0.313,0.243,0.316,0.383,0.307,97,0.3,-1.6,-4.1,1.2
230,Kyle Higashioka,TEX,70,276,10,28,34,2,6.00%,24.60%,0.171,0.266,0.227,0.275,0.398,0.291,86,-0.6,-5.1,4.6,1.2
231,Willi Castro,COL,125,539,13,67,54,14,7.90%,22.40%,0.151,0.316,0.257,0.332,0.408,0.324,94,0.2,-3.6,-2.8,1.2
232,Josh Bell,MIN,133,574,20,65,68,1,10.70%,18.60%,0.168,0.281,0.252,0.336,0.42,0.33,111,-2.3,5.4,-13.7,1.2
233,Jake Mangum,PIT,86,371,3,37,36,14,4.80%,16.60%,0.097,0.333,0.282,0.321,0.379,0.306,94,0.5,-2.3,1.3,1.2
234,Zach McKinstry,DET,94,406,8,47,39,13,8.70%,21.60%,0.143,0.29,0.239,0.312,0.382,0.304,94,1.1,-1.9,-1.0,1.1
235,Tyler Stephenson,CIN,112,450,14,50,53,1,9.80%,27.90%,0.161,0.302,0.234,0.316,0.395,0.311,94,-1.1,-4.4,2.5,1.1
236,Jake Rogers,DET,49,192,6,22,23,1,8.20%,29.20%,0.163,0.274,0.213,0.283,0.377,0.288,83,-0.2,-4.1,5.9,1.1
237,Nick Fortes,TBR,79,314,8,33,32,2,6.00%,17.40%,0.124,0.255,0.228,0.287,0.353,0.282,78,-0.3,-8.3,6.0,1.1
238,Ramon Urias,STL,75,322,9,34,35,2,7.30%,22.90%,0.145,0.298,0.248,0.309,0.393,0.307,98,-0.4,-1.3,1.3,1.1
239,Mark Vientos,NYM,102,441,20,52,63,1,7.20%,26.00%,0.2,0.299,0.25,0.311,0.45,0.328,113,-1.0,6.0,-10.0,1.1
240,Brooks Baldwin,CHW,84,364,12,41,45,7,6.80%,22.60%,0.162,0.297,0.251,0.305,0.413,0.312,99,0.1,-0.3,-1.6,1.1
