Season,Month,Name,Tm,IP,TBF,K/9,BB/9,K/BB,HR/9,K%,BB%,K-BB%,AVG,WHIP,BABIP,LOB%,FIP,xFIP,playerId
2022,"Aug","Zack Greinke","KCR",21,94,6,1.28571429,4.66666667,0.85714286,0.14893617,0.03191489,0.11702128,0.333333333,1.57142857,0.37333333,0.79470199,3.4457643349965417,4.111001187704859,1943
2022,"Aug","Chase Anderson","CIN",1.1,9,13.50000003,6.75000002,2,6.75000002,0.22222222,0.11111111,0.11111111,0.5,3.75000001,0.6,0,12.112431024163207,3.4727080555326415,6895
2022,"Aug","Clayton Kershaw","LAD",4,15,9,2.25,4,2.25,0.26666667,0.06666667,0.2,0.214285714,1,0.22222222,0.76923077,5.112431001663208,3.342800405621529,2036
2022,"Aug","Shawn Armstrong","TBR",3,10,3,0,1,0,0.1,0,0.1,0.3,1,0.33333333,1,2.445764334996542,3.432677270968756,12857
2022,"Aug","Adam Wainwright","STL",39.2,161,7.03361344,2.04201681,3.44444444,0.22689076,0.19254658,0.05590062,0.13664596,0.22147651,1.05882353,0.27118644,0.77464789,2.709069657159289,4.098069470036249,2233
2022,"Aug","JT Chargois","TBR",1,4,9,0,1,0,0.25,0,0.25,0.25,1,0.33333333,1,1.1124310016632082,2.592800405621529,13767
2022,"Aug","Corey Kluber","TBR",29.2,125,7.28089888,0.60674157,12,2.12359551,0.192,0.016,0.176,0.283333333,1.21348315,0.2967033,0.77205882,4.865239990230308,3.993428319794538,2429
2022,"Aug","Jon Gray","TEX",1.1,11,20.25000005,6.75000002,3,6.75000002,0.27272727,0.09090909,0.18181818,0.444444444,3.75000001,0.6,0.43478261,12.862431026038209,5.332985113152074,14916
2022,"Aug","Lance Lynn","CHW",36.2,142,10.30909091,0.73636364,14,1.47272727,0.29577465,0.02112676,0.27464789,0.205882352,0.84545455,0.25,0.8984375,3.439703728906183,2.7658845983083364,2520
2022,"Aug","Jimmy Yacabonis","TBR",1,5,0,9,0,0,0,0.2,-0.2,0.25,2,0.25,0.5,6.112431001663208,10.55353921353817,15157
2022,"Aug","Max Scherzer","NYM",40.2,164,9.73770492,1.54918033,6.28571429,0.44262295,0.26829268,0.04268293,0.22560976,0.22147651,0.98360656,0.28971963,0.75242718,2.3993162476232994,3.907721038488371,3137
2022,"Aug","Ryan Yarbrough","TBR",4.1,19,10.38461539,2.07692308,5,0,0.26315789,0.05263158,0.21052632,0.176470588,0.92307692,0.25,0.6,2.189354077876226,2.5309777867447796,16502
2022,"Aug","Anibal Sanchez","WSN",30.2,129,5.57608696,4.40217391,1.26666667,2.05434783,0.14728682,0.11627907,0.03100775,0.218181818,1.27173913,0.2,0.86956522,6.6015614360665635,5.468540915007637,3284
2022,"Aug","Sean Newcomb","CHC",3,13,3,0,1,3,0.07692308,0,0.07692308,0.384615384,1.66666667,0.36363636,0.83333333,6.779097668329875,4.9130466749270765,16943
2022,"Aug","Charlie Morton","ATL",30.1,122,12.46153846,2.37362637,5.25,1.48351648,0.3442623,0.06557377,0.27868853,0.198198198,0.98901099,0.265625,0.84615385,3.5739694632523884,2.748803767783952,4676
2022,"Aug","Jalen Beeks","TBR",3,15,12,3,4,0,0.26666667,0.06666667,0.2,0.384615384,2,0.55555556,0.85714286,2.445764334996542,2.445764334996542,17192
2022,"Aug","Rich Hill","BOS",19,77,7.57894737,0.94736842,8,1.42105263,0.20779221,0.02597403,0.18181818,0.256756756,1.10526316,0.28571429,0.6547619,3.7966415279789976,3.302293532145651,4806
2022,"Aug","Josh Sborz","TEX",1,4,0,0,0,0,0,0,0,0.25,1,0.25,1,3.112431001663208,6.073169809579849,18323
2022,"Aug","Madison Bumgarner","ARI",26.1,128,7.17721519,2.39240506,3,1.70886076,0.1640625,0.0546875,0.109375,0.372881355,1.93670886,0.41935484,0.54347826,5.011165179118744,4.73525657481956,5524
2022,"Aug","Jaime Barria","LAA",4.2,21,5.78571428,7.71428571,0.75,1.92857143,0.14285714,0.19047619,-0.04761905,0.1875,1.5,0.15384615,0.89285714,7.183859570183617,6.618699390810498,18356
2022,"Aug","Chris Archer","MIN",26.2,111,9.1125,2.7,3.375,0.3375,0.24324324,0.07207207,0.17117117,0.257425742,1.275,0.33333333,0.52147239,2.474931001742896,3.1532219072752867,6345
2022,"Aug","Bryan Garcia","DET",10,41,7.2,5.4,1.33333333,1.8,0.19512195,0.14634146,0.04878049,0.181818181,1.2,0.17391304,0.98214286,6.512431001663208,5.688874286413193,19457
2022,"Aug","Jake Odorizzi","ATL",25.1,111,6.75,2.48684211,2.71428571,2.13157895,0.17117117,0.06306306,0.10810811,0.291262135,1.46052632,0.30769231,0.84459459,5.638746791469302,4.5466109913749255,6397
2022,"Aug","Jason Alexander","MIL",5,18,10.8,1.8,6,0,0.33333333,0.05555556,0.27777778,0.1875,0.8,0.3,0.8,1.9124310016632082,2.2085048824548723,19666
2022,"Aug","Alex Cobb","SFG",29,121,9.31034483,3.10344828,3,0.62068966,0.24793388,0.08264463,0.16528926,0.263636363,1.34482759,0.34177215,0.80110497,2.9744999671804497,2.9457509970870515,6562
2022,"Aug","Nick Nelson","PHI",2,10,13.5,9,1.5,0,0.3,0.2,0.1,0.285714285,2,0.5,0.6,4.612431001663208,6.092800405621529,20153
2022,"Aug","Carlos Carrasco","NYM",14.2,63,9.81818182,1.84090909,5.33333333,2.45454545,0.25396825,0.04761905,0.20634921,0.254237288,1.22727273,0.28205128,0.82089552,5.2942491829855225,3.3637430786515323,6632
2022,"Aug","Cristopher Sanchez","PHI",6,24,10.5,0,7,3,0.29166667,0,0.29166667,0.25,1,0.26666667,0.9375,5.112431001663209,2.2594670722881958,20778
2022,"Aug","Johnny Cueto","CHW",35.2,145,4.28971963,1.26168224,3.4,0.5046729,0.11724138,0.03448276,0.08275862,0.274074074,1.17757009,0.29411765,0.7038835,3.4769169829375555,4.574195126035924,6893
2022,"Aug","Reiss Knehr","SDP",3.2,19,2.45454545,4.9090909,0.5,0,0.05263158,0.10526316,-0.05263158,0.266666666,1.63636363,0.28571429,0.75,5.839703726456596,8.665863495080519,21541
2022,"Aug","Martin Perez","TEX",34,153,9.79411765,5.02941176,1.94736842,1.05882353,0.24183007,0.12418301,0.11764706,0.253846153,1.52941176,0.31521739,0.73839662,4.230078060486738,3.8327134870431006,6902
2022,"Aug","Max Castillo","KCR",5,19,5.4,1.8,3,1.8,0.15789474,0.05263158,0.10526316,0.166666666,0.8,0.14285714,1,5.112431001663208,3.696726524829865,21956
2022,"Aug","Jordan Lyles","BAL",34,147,6.88235294,2.11764706,3.25,1.05882353,0.17687075,0.05442177,0.12244898,0.302158273,1.47058824,0.34862385,0.83333333,3.818313354604385,4.596536249010002,7593
2022,"Aug","Hunter Greene","CIN",6,21,12,0,8,0,0.38095238,0,0.38095238,0.052631578,0.16666667,0.09090909,1,1.4457643349965419,3.172861972947916,22182
2022,"Aug","Paolo Espino","WSN",24.1,109,7.02739726,2.21917808,3.16666667,1.47945205,0.17431193,0.05504587,0.11926606,0.294117647,1.47945205,0.32911392,0.66878981,4.550787166243805,4.056402532212026,8246
2022,"Aug","DL Hall","BAL",3.2,19,14.72727271,7.36363636,2,0,0.31578947,0.15789474,0.15789474,0.333333333,2.18181818,0.5,0.375,2.2942491842251918,3.5054605136354438,22207
2022,"Aug","Justin Verlander","HOU",28,105,10.28571429,1.28571429,8,0,0.3047619,0.03809524,0.26666667,0.181818181,0.78571429,0.26086957,0.72727273,1.255288144520351,2.7356575484786716,8700
2022,"Aug","Luis Patino","TBR",5.2,23,6.35294117,3.17647059,2,0,0.17391304,0.08695652,0.08695652,0.19047619,1.05882353,0.23529412,1,2.759489825400233,4.5881814409789285,22815
2022,"Aug","Nathan Eovaldi","BOS",18.1,77,7.85454546,1.96363636,4,1.47272727,0.20779221,0.05194805,0.15584416,0.277777777,1.30909091,0.31481481,0.80808081,4.148794638215274,3.6364703515312016,9132
2022,"Aug","Michael Grove","LAD",4.2,21,7.71428571,1.92857143,4,0,0.19047619,0.04761905,0.14285714,0.25,1.28571428,0.3125,0.66666667,2.041002430999943,3.944334520443975,23221
2022,"Aug","Patrick Corbin","WSN",22.1,104,6.04477612,3.2238806,1.875,2.41791045,0.14423077,0.07692308,0.06730769,0.329787234,1.74626866,0.34246575,0.70552147,6.6049683156173185,5.100986917724916,9323
2022,"Aug","Jose Butto","NYM",4,23,11.25,4.5,2.5,4.5,0.2173913,0.08695652,0.13043478,0.428571428,2.75,0.5,0.48780488,8.612431001663207,5.073169809579849,23313
2022,"Aug","Dallas Keuchel","TEX",5.1,27,1.6875,1.6875,1,1.6875,0.03703704,0.03703704,0,0.458333333,2.25,0.41666667,0.47169811,5.737431003303833,5.5204851091057225,9434
2022,"Aug","Bryce Elder","ATL",7,27,12.85714286,3.85714286,3.33333333,0,0.37037037,0.11111111,0.25925926,0.125,0.85714286,0.21428571,0.83333333,1.5410024302346368,2.5984091473477227,27779
2022,"Aug","Miles Mikolas","STL",36,151,6,1,6,1.75,0.1589404,0.02649007,0.13245033,0.275862068,1.22222222,0.28695652,0.56818182,4.72354211277432,3.7172551112870376,9803
2022,"Aug","Mike Minor","CIN",33,147,6,2.45454545,2.44444444,1.36363636,0.14965986,0.06122449,0.08843537,0.286764705,1.45454545,0.31192661,0.69767442,4.748794638026845,4.79778321918213,10021
2022,"Aug","Kyle Gibson","PHI",31.1,128,8.61702128,2.0106383,4.28571429,0.57446809,0.234375,0.0546875,0.1796875,0.237288135,1.11702128,0.29885057,0.76023392,2.889026746320293,3.2876311453919422,10123
2022,"Aug","Zack Wheeler","PHI",24.1,102,9.61643836,2.95890411,3.25,1.10958904,0.25490196,0.07843137,0.17647059,0.255319148,1.31506849,0.32307692,0.71942446,3.5644857962456817,3.604347737629553,10310
2022,"Aug","Drew Hutchison","DET",26.2,116,5.4,3.0375,1.77777778,1.0125,0.13793103,0.07758621,0.06034483,0.289719626,1.5,0.31818182,0.81005587,4.387431001503833,4.701374286214575,10732
2022,"Aug","Jacob deGrom","NYM",36.1,128,13.62385321,0.74311927,18.33333333,0.74311927,0.4296875,0.0234375,0.40625,0.136,0.55045872,0.20895522,0.75949367,1.4060089831580318,1.5549378488253545,10954
2022,"Aug","Merrill Kelly","ARI",32.1,129,8.62886598,2.78350515,3.1,0.83505155,0.24031008,0.07751938,0.1627907,0.228813559,1.1443299,0.28571429,0.76923077,3.4217093522105566,3.4974931659554716,11156
2022,"Aug","Jose Quintana","STL",29.1,126,6.13636364,3.68181818,1.66666667,0.30681818,0.15873016,0.0952381,0.06349206,0.294642857,1.53409091,0.34408602,0.68807339,3.4192491835162557,4.086344418378984,11423
2022,"Aug","Robbie Ray","SEA",33,124,11.18181818,3,3.72727273,0.81818182,0.33064516,0.08870968,0.24193548,0.168141592,0.90909091,0.23188406,0.93023256,2.809400698632905,2.8387938473260768,11486
2022,"Aug","Aaron Sanchez","MIN",12.2,60,9.94736842,2.84210526,3.5,0,0.23333333,0.06666667,0.16666667,0.301886792,1.57894737,0.41025641,0.73913043,2.559799422861269,3.6116408411864334,11490
2022,"Aug","Jose Urena","COL",29,133,5.5862069,4.65517241,1.2,1.86206897,0.13533835,0.11278195,0.02255639,0.301724137,1.72413793,0.30851064,0.64903846,6.112431001663208,5.107334116512332,11589
2022,"Aug","Jameson Taillon","NYY",31.2,127,7.10526316,1.98947368,3.57142857,2.27368421,0.19685039,0.05511811,0.14173228,0.210084033,1.01052632,0.1954023,0.67307692,5.48085205404548,3.832839290172888,11674
2022,"Aug","Drew Smyly","CHC",30,117,7.5,1.8,4.16666667,0.3,0.21367521,0.05128205,0.16239316,0.201834862,0.93333333,0.25301205,0.94405594,2.6790976683298746,4.367627147336801,11760
2022,"Aug","Noah Syndergaard","PHI",30.2,128,5.2826087,1.4673913,3.6,0.58695652,0.140625,0.0390625,0.1015625,0.303278688,1.36956522,0.33980583,0.68877551,3.2754744799063555,4.165473345325906,11762
2022,"Aug","Taijuan Walker","NYM",19.1,91,6.05172414,4.65517241,1.3,1.39655172,0.14285714,0.10989011,0.03296703,0.285714285,1.65517241,0.30645161,0.64935065,5.802086174540735,5.699115576193224,11836
2022,"Aug","Chris Bassitt","NYM",33.1,138,5.94,1.35,4.4,0,0.15942029,0.03623188,0.12318841,0.2578125,1.14,0.30841121,0.83333333,2.6024310016122083,3.8015302189383577,12304
2022,"Aug","Adrian Houser","MIL",2.1,17,15.42857145,15.42857145,1,0,0.23529412,0.23529412,0,0.384615384,3.85714286,0.55555556,0.44444444,4.826716718397902,6.095604780746303,12718
2022,"Aug","Sonny Gray","MIN",26.2,106,10.125,4.3875,2.30769231,0.675,0.28301887,0.12264151,0.16037736,0.188888888,1.125,0.25,0.85106383,3.4124310016257082,3.603221907219037,12768
2022,"Aug","Mike Clevinger","SDP",32,137,5.625,3.09375,1.81818182,1.40625,0.1459854,0.08029197,0.06569343,0.229508196,1.21875,0.23469388,0.8,5.206181001663208,5.673054370842874,12808
2022,"Aug","Tyler Anderson","LAD",37.1,151,5.54464286,2.65178571,2.09090909,0.48214286,0.15231788,0.07284768,0.0794702,0.224637681,1.125,0.25438596,0.74626866,3.541002430272902,4.747905949755645,12880
2022,"Aug","Dylan Bundy","MIN",24,99,4.5,1.875,2.4,0.75,0.12121212,0.05050505,0.07070707,0.23076923,1.08333333,0.24358974,0.83333333,4.070764334996542,5.39303128309548,12917
2022,"Aug","Joe Musgrove","SDP",34,146,9.26470588,1.05882353,8.75,1.32352941,0.23972603,0.02739726,0.21232877,0.274074074,1.20588235,0.32989691,0.69230769,3.75948982519262,3.5893361827906443,12970
2022,"Aug","Yu Darvish","SDP",33.1,134,8.91,1.35,6.6,1.62,0.24626866,0.03731343,0.20895522,0.234375,1.05,0.26966292,0.76086957,4.0124310017532085,3.0935856294613115,13074
2022,"Aug","Gerrit Cole","NYY",39.1,153,9.61016949,1.83050847,5.25,1.1440678,0.2745098,0.05228758,0.22222222,0.209790209,0.96610169,0.25773196,0.75,3.315820832188919,3.2816484009201194,13125
2022,"Aug","Eduardo Rodriguez","DET",11,46,5.72727273,4.90909091,1.16666667,0,0.15217391,0.13043478,0.02173913,0.25,1.45454545,0.3030303,0.9375,3.476067365299572,4.956436769257892,13164
2022,"Aug","Zach Davies","ARI",28.1,118,5.71764706,3.81176471,1.5,1.58823529,0.15254237,0.10169492,0.05084746,0.221153846,1.23529412,0.21686747,0.85714286,5.406548648991928,4.78437762280107,13183
2022,"Aug","Ross Stripling","TOR",18.1,70,9.32727273,0.49090909,19,0.98181818,0.27142857,0.01428571,0.25714286,0.20289855,0.81818182,0.25,0.90163934,2.6215219106648613,2.5760462670543083,13273
2022,"Aug","Adrian Sampson","CHC",22.1,99,7.25373134,2.82089552,2.57142857,1.6119403,0.18181818,0.07070707,0.11111111,0.315217391,1.6119403,0.35714286,0.82236842,4.769147419820927,4.363059929377838,13339
2022,"Aug","Luis Cessa","CIN",6,24,6,1.5,4,4.5,0.16666667,0.04166667,0.125,0.304347826,1.33333333,0.25,1,8.779097668329875,3.7594670722881958,13345
2022,"Aug","Marcus Stroman","CHC",34,143,6.08823529,2.91176471,2.09090909,1.05882353,0.16083916,0.07692308,0.08391608,0.248062015,1.26470588,0.26923077,0.65104167,4.347725119310267,3.9068202692796206,13431
2022,"Aug","Daniel Norris","DET",9.2,43,4.65517241,3.72413793,1.25,0,0.11627907,0.09302326,0.02325581,0.228571428,1.24137931,0.26666667,0.9375,4.5607068632327685,5.479556837786605,13475
2022,"Aug","Blake Snell","SDP",32,135,12.9375,1.96875,6.57142857,0.84375,0.34074074,0.05185185,0.28888889,0.248,1.1875,0.35897436,0.8045977,2.206181001663208,2.467800405621529,13543
2022,"Aug","Jakob Junis","SFG",24,107,8.625,1.5,5.75,1.5,0.21495327,0.03738318,0.17757009,0.297029702,1.41666667,0.34666667,0.54421769,3.9874310016632086,3.6095440314461795,13619
2022,"Aug","Max Fried","ATL",26,103,7.26923077,1.03846154,7,0.69230769,0.2038835,0.02912621,0.17475728,0.2,0.88461538,0.23376623,0.64356436,2.843200232432439,2.81113407348211,13743
2022,"Aug","Alex Wood","SFG",30,136,9.6,1.5,6.4,1.8,0.23529412,0.03676471,0.19852941,0.291666666,1.33333333,0.3372093,0.49222798,4.779097668329875,4.00488659987847,13781
2022,"Aug","Chris Flexen","SEA",6,26,7.5,3,2.5,3,0.19230769,0.07692308,0.11538462,0.25,1.33333333,0.23529412,0.57692308,6.779097668329875,5.89995961089929,13896
2022,"Aug","Michael Wacha","BOS",24.2,94,9.48648649,1.45945946,6.5,1.09459459,0.27659574,0.04255319,0.23404255,0.172413793,0.77027027,0.20338983,0.89285714,3.3151337043385185,3.054382091687933,14078
2022,"Aug","Kevin Gausman","TOR",36.2,144,10.30909091,0.98181818,10.5,0.73636364,0.29166667,0.02777778,0.26388889,0.246376811,1.03636364,0.32978723,0.8045977,2.2942491835557703,2.8051875495377168,14107
2022,"Aug","Lance McCullers Jr.","HOU",16,67,7.3125,5.625,1.3,0.5625,0.19402985,0.14925373,0.04477612,0.228070175,1.4375,0.27906977,0.92592593,4.174931001663208,4.565231142379344,14120
2022,"Aug","Jose Berrios","TOR",26,116,7.26923077,2.42307692,3,1.73076923,0.18103448,0.06034483,0.12068966,0.333333333,1.61538462,0.375,0.63157895,5.1508925401247465,4.415948367921206,14168
2022,"Aug","Frankie Montas","NYY",25.2,118,7.01298701,2.45454545,2.85714286,1.75324675,0.16949153,0.05932203,0.11016949,0.310679611,1.51948052,0.32926829,0.63888889,5.372171261109996,4.454652169443426,14309
2022,"Aug","Paul Blackburn","OAK",5,22,5.4,1.8,3,7.2,0.13636364,0.04545455,0.09090909,0.285714285,1.4,0.14285714,1,12.912431001663208,5.473169809579849,14739
2022,"Aug","Julio Urias","LAD",30,116,10.2,2.1,4.85714286,0.6,0.29310345,0.06034483,0.23275862,0.175925925,0.86666667,0.23611111,0.99173554,2.512431001663208,3.175479385753473,14765
2022,"Aug","Chad Kuhl","COL",10,47,7.2,3.6,2,3.6,0.17021277,0.08510638,0.08510638,0.31707317,1.7,0.31034483,0.52238806,8.51243100166321,5.532985107600689,14975
2022,"Aug","German Marquez","COL",31,126,7.25806452,2.90322581,2.5,1.16129032,0.1984127,0.07936508,0.11904762,0.24137931,1.22580645,0.27586207,0.77160494,4.144689066179337,3.8043775600771754,15038
2022,"Aug","Austin Voth","BAL",28,112,6.42857143,2.89285714,2.22222222,0.96428571,0.17857143,0.08035714,0.09821429,0.186274509,1,0.2,0.84033613,4.041002430234637,4.868699393314975,15047
2022,"Aug","Luke Farrell","CHC",6.1,27,7.10526316,0,5,2.84210526,0.18518519,0,0.18518519,0.296296296,1.2631579,0.3,0.96153846,5.638746792466533,3.870909008312387,15101
2022,"Aug","Andrew Heaney","LAD",27.1,120,14.15853659,1.64634146,8.6,1.97560976,0.35833333,0.04166667,0.31666667,0.247706422,1.17073171,0.3442623,0.73426573,3.917309050541852,2.6884462010779524,15423
2022,"Aug","Mike Mayers","LAA",9,42,9,5,1.8,3,0.21428571,0.11904762,0.0952381,0.27027027,1.66666667,0.28,0.74074074,7.112431001663208,4.917409029603005,15451
2022,"Aug","Nick Pivetta","BOS",28.2,122,9.10465116,3.13953488,2.9,1.25581395,0.23770492,0.08196721,0.15573771,0.245454545,1.29069767,0.29487179,0.77160494,4.0542914666699685,3.996124945790089,15454
2022,"Aug","Marco Gonzales","SEA",33.2,150,5.34653465,2.13861386,2.5,1.06930693,0.13333333,0.05333333,0.08,0.31617647,1.51485148,0.33913043,0.70247934,4.449064664897205,4.971164525817029,15467
2022,"Aug","Lucas Giolito","CHW",31.2,139,9.66315789,3.41052632,2.83333333,1.13684211,0.24460432,0.08633094,0.15827338,0.291338582,1.54736842,0.37078652,0.66820276,3.7440099489651475,3.364114388169599,15474
2022,"Aug","Antonio Senzatela","COL",20.2,88,4.79032258,2.61290323,1.83333333,0.87096774,0.125,0.06818182,0.05681818,0.3125,1.5,0.33823529,0.65068493,4.3221084208229374,3.8519824584894833,15488
2022,"Aug","Luis Castillo","SEA",31.2,126,11.08421053,2.27368421,4.875,0.85263158,0.30952381,0.06349206,0.24603175,0.226086956,1.07368421,0.31081081,0.81761006,2.8282204753773357,2.671857200374049,15689
2022,"Aug","Brad Keller","KCR",14.2,75,6.13636363,4.29545454,1.42857143,3.06818182,0.13333333,0.09333333,0.04,0.388059701,2.25,0.39622642,0.61538462,7.6124310006404805,4.997429815183647,15734
2022,"Aug","Sean Manaea","SDP",24,110,9.375,1.125,8.33333333,1.875,0.22727273,0.02727273,0.2,0.333333333,1.58333333,0.4,0.54545455,4.362431001663209,3.9363338327656194,15873
2022,"Aug","Zach Thompson","PIT",22,102,9,4.09090909,2.2,2.04545455,0.21568627,0.09803922,0.11764706,0.296703296,1.68181818,0.34375,0.80645161,5.566976456208662,4.361958479068496,16094
2022,"Aug","Carlos Rodon","SFG",28.1,114,10.48235294,1.90588235,5.5,0.95294118,0.28947368,0.05263158,0.23684211,0.207547169,0.98823529,0.26760563,0.76612903,2.9006662957559417,3.4573839880493624,16137
2022,"Aug","Aaron Nola","PHI",32,134,10.6875,1.125,9.5,0.5625,0.28358209,0.02985075,0.25373134,0.251968503,1.125,0.34090909,0.65340909,2.112431001663208,2.5027311423793437,16149
2022,"Aug","Brandon Woodruff","MIL",30,120,9.3,2.4,3.875,1.8,0.25833333,0.06666667,0.19166667,0.223214285,1.1,0.25333333,0.93495935,4.445764334996541,3.6222076197465265,16162
2022,"Aug","Kyle Freeland","COL",27.1,129,6.25609756,3.62195122,1.72727273,1.31707317,0.14728682,0.08527132,0.0620155,0.306306306,1.64634146,0.33333333,0.6981982,5.380723684866659,5.373879628958795,16256
2022,"Aug","Tyler Mahle","MIN",14.1,52,7.53488372,2.51162791,3,1.88372093,0.23076923,0.07692308,0.15384615,0.166666666,0.8372093,0.15151515,1,4.9961519323338415,4.2375718397300846,16358
2022,"Aug","Jordan Montgomery","STL",30.2,114,8.2173913,1.17391304,7,0.29347826,0.24561404,0.03508772,0.21052632,0.19266055,0.81521739,0.25,0.81300813,2.1993875235015823,2.837478617576237,16511
2022,"Aug","Touki Toussaint","LAA",7.2,33,10.56521739,7.04347826,1.5,0,0.27272727,0.18181818,0.09090909,0.192307692,1.43478261,0.29411765,0.66666667,3.5037353493191628,4.662285317130653,16929
2022,"Aug","Trevor Williams","NYM",4,17,6.75,4.5,1.5,0,0.17647059,0.11764706,0.05882353,0.266666666,1.5,0.33333333,1,3.112431001663208,5.332985107600689,16977
2022,"Aug","Tyler Beede","PIT",15,78,7.8,6,1.3,1.8,0.16666667,0.12820513,0.03846154,0.318181818,2.06666667,0.36,0.55555556,6.379097668329875,5.851614833871524,16981
2022,"Aug","Pablo Lopez","MIA",27.1,117,7.57317073,3.29268293,2.3,1.31707317,0.1965812,0.08547009,0.11111111,0.264150943,1.3902439,0.3,0.74074074,4.429504172555534,4.097700979153776,17085
2022,"Aug","Domingo German","NYY",34.2,135,5.71153846,1.55769231,3.66666667,0.51923077,0.16296296,0.04444444,0.11851852,0.214285714,0.95192308,0.24509804,0.81325301,3.3720463862536296,4.244759002047105,17149
2022,"Aug","Ranger Suarez","PHI",28.2,120,8.1627907,3.76744186,2.16666667,0.31395349,0.21666667,0.1,0.11666667,0.226415094,1.25581395,0.28395062,0.66473988,3.007779838884679,3.587107329951027,17277
2022,"Aug","Michael Kopech","CHW",22.1,93,8.05970149,4.02985075,2,1.20895522,0.21505376,0.10752688,0.10752688,0.2125,1.20895522,0.23728814,0.6302521,4.545266822772587,4.456128095846955,17282
2022,"Aug","Framber Valdez","HOU",35.1,140,8.40566038,2.80188679,3,0.76415094,0.23571429,0.07857143,0.15714286,0.214285714,1.0754717,0.26373626,0.89385475,3.4520536432046818,3.2281222511965204,17295
2022,"Aug","Justin Steele","CHC",28,110,12.53571429,2.57142857,4.875,0.64285714,0.35454545,0.07272727,0.28181818,0.23,1.10714286,0.3442623,0.95744681,2.112431001663208,2.1883959543492115,17312
2022,"Aug","Erick Fedde","WSN",7.2,37,11.73913043,2.34782609,5,2.34782609,0.27027027,0.05405405,0.21621622,0.342857142,1.82608696,0.43478261,0.53571429,4.6776483922870264,2.8310773363507398,17425
2022,"Aug","Spenser Watkins","BAL",27.2,112,6.5060241,0.97590361,6.66666667,0.97590361,0.17857143,0.02678571,0.15178571,0.233644859,1.01204819,0.25882353,0.64516129,3.510021363061089,3.8126173001330503,17489
2022,"Aug","JT Brubaker","PIT",22.2,94,10.72058823,1.98529412,5.4,0.79411765,0.28723404,0.05319149,0.23404255,0.252873563,1.19117647,0.33898305,0.67460317,2.6712545311398523,2.6997831754555,17578
2022,"Aug","Mitch Keller","PIT",23,107,7.82608696,3.52173913,2.22222222,0.7826087,0.18691589,0.08411215,0.10280374,0.305263157,1.65217391,0.36,0.5801105,3.8080831755762516,3.9649261355400087,17594
2022,"Aug","Cristian Javier","HOU",29,112,9.93103448,2.48275862,4,1.24137931,0.28571429,0.07142857,0.21428571,0.163461538,0.86206897,0.19117647,0.92783505,3.526224105111484,3.8771039315338793,17606
2022,"Aug","Jeffrey Springs","TBR",27.2,112,10.73493976,2.27710843,4.71428571,0.3253012,0.29464286,0.0625,0.23214286,0.221153846,1.08433735,0.30985915,0.66433566,1.9558044957784644,2.556071534712158,17677
2022,"Aug","Tyler Alexander","DET",30.2,130,5.2826087,2.05434783,2.57142857,1.76086957,0.13846154,0.05384615,0.08461539,0.280991735,1.33695652,0.28282828,0.67484663,5.166778827526866,4.650763011265003,17735
2022,"Aug","Nestor Cortes","NYY",24.1,89,8.1369863,2.21917808,3.66666667,1.10958904,0.24719101,0.06741573,0.17977528,0.13253012,0.69863014,0.13793103,0.625,3.646677577078859,3.808213716065013,17874
2022,"Aug","Logan Webb","SFG",35,151,7.45714286,3.34285714,2.23076923,0.25714286,0.19205298,0.08609272,0.10596027,0.255639097,1.34285714,0.31132075,0.6092437,3.112431001663208,3.4600389978715356,17995
2022,"Aug","Triston McKenzie","CLE",38.2,145,10.00862069,2.09482759,4.77777778,1.1637931,0.29655172,0.06206897,0.23448276,0.198529411,0.93103448,0.25,0.75862069,3.2676034154429345,3.271127219946927,18000
2022,"Aug","James Kaprielian","OAK",29,141,7.13793103,5.27586207,1.35294118,0.93103448,0.16312057,0.12056738,0.04255319,0.294117647,1.79310345,0.32989691,0.6352459,4.733120656835622,5.940654111936174,18331
2022,"Aug","Jose Urquidy","HOU",31.2,124,8.24210526,1.98947368,4.14285714,1.70526316,0.23387097,0.05645161,0.17741936,0.194690265,0.91578947,0.20512821,0.89430894,4.786115212013347,4.146149109587275,18413
2022,"Aug","Dylan Cease","CHW",30.1,116,8.60439561,3.56043956,2.41666667,1.48351648,0.25,0.10344828,0.14655173,0.153846153,0.92307692,0.15714286,0.80952381,4.530013419401405,4.534505302066714,18525
2022,"Aug","Jake Woodford","STL",5.1,21,1.6875,1.6875,1,0,0.04761905,0.04761905,0,0.2,0.9375,0.21052632,0.8,3.2999310017803962,4.965346582274391,18674
2022,"Aug","Freddy Peralta","MIL",29.2,113,6.97752809,3.03370786,2.3,1.21348315,0.20353982,0.08849558,0.11504425,0.137254901,0.80898876,0.13157895,0.86956522,4.325914147594277,4.768709218583832,18679
2022,"Aug","Sandy Alcantara","MIA",36.1,145,7.18348624,1.73394495,4.14285714,0.49541284,0.2,0.04827586,0.15172414,0.246376811,1.12844037,0.29906542,0.78534031,2.8096787080574512,3.560870411130942,18684
2022,"Aug","Tommy Nance","MIA",5,22,12.6,5.4,2.33333333,1.8,0.31818182,0.13636364,0.18181818,0.210526315,1.4,0.27272727,1,4.712431001663209,4.1849481672048565,19178
2022,"Aug","Robert Dugger","CIN",4,20,4.5,9,0.5,4.5,0.1,0.2,-0.1,0.25,2,0.16666667,0.57692308,11.612431001663207,9.55353921353817,19191
2022,"Aug","Dakota Hudson","STL",25,112,6.48,4.32,1.5,0.36,0.16071429,0.10714286,0.05357143,0.30927835,1.68,0.3625,0.64903846,3.7524310016632083,4.53515607714653,19206
2022,"Aug","Mitch White","TOR",23,109,7.82608696,3.13043478,2.5,0.7826087,0.18348624,0.0733945,0.11009174,0.316831683,1.73913043,0.37974684,0.59139785,3.5472136103588605,4.283331554480221,19225
2022,"Aug","Cole Irvin","OAK",38.1,156,7.04347826,1.40869565,5,1.40869565,0.19230769,0.03846154,0.15384615,0.25170068,1.12173913,0.27678571,0.68306011,4.208083175671526,3.988362183983926,19244
2022,"Aug","Justin Dunn","CIN",23.1,99,7.32857143,3.85714286,1.9,2.7,0.19191919,0.1010101,0.09090909,0.255813953,1.37142857,0.24590164,0.90909091,6.926716716493821,5.120382016119683,19268
2022,"Aug","T.J. Zeuch","CIN",10.2,64,4.21875,5.90625,0.71428571,4.21875,0.078125,0.109375,-0.03125,0.452830188,2.90625,0.43181818,0.59259259,11.081180999172974,7.2079851063208285,19269
2022,"Aug","Zac Gallen","ARI",40,142,9.9,2.25,4.4,0,0.30985915,0.07042254,0.23943662,0.153846153,0.75,0.22988506,0.90322581,1.7374310016632082,2.6626618791371586,19291
2022,"Aug","Cal Quantrill","CLE",38,142,6.39473684,1.89473684,3.375,0.71052632,0.19014085,0.05633803,0.13380282,0.161538461,0.76315789,0.17475728,0.81395349,3.428220475347419,4.077059537721308,19312
2022,"Aug","Eric Lauer","MIL",30,126,6.6,4.2,1.57142857,1.5,0.17460317,0.11111111,0.06349206,0.232142857,1.33333333,0.24705882,0.90909091,5.212431001663209,4.871553266545137,19316
2022,"Aug","Dean Kremer","BAL",32,117,5.90625,1.125,5.25,0.28125,0.17948718,0.03418803,0.14529915,0.232142857,0.9375,0.27472527,0.76923077,2.581181001663208,3.4702542301267387,19350
2022,"Aug","Corbin Burnes","MIL",33.2,143,9.35643564,3.20792079,2.91666667,1.33663366,0.24475524,0.08391608,0.16083916,0.22047244,1.18811881,0.26436782,0.62162162,4.389658724309028,3.7341353396647614,19361
2022,"Aug","Tony Gonsolin","LAD",23.2,86,7.6056338,2.66197183,2.85714286,0,0.23255814,0.08139535,0.15116279,0.126582278,0.71830986,0.16949153,0.88235294,2.30961410036783,3.62318131777964,19388
2022,"Aug","Dane Dunning","TEX",27.1,116,7.90243903,3.29268293,2.4,0.98780488,0.20689655,0.0862069,0.12068966,0.235294117,1.24390244,0.26923077,0.74675325,3.990479782258092,3.809327207518002,19409
2022,"Aug","Shane Bieber","CLE",33.1,128,9.45,1.08,8.75,0.27,0.2734375,0.03125,0.2421875,0.214876033,0.9,0.28409091,0.76923077,1.762431001528208,2.349474808199404,19427
2022,"Aug","Patrick Sandoval","LAA",32.1,124,8.35051546,3.06185567,2.72727273,0.55670103,0.24193548,0.08870968,0.15322581,0.181818181,0.95876289,0.2278481,0.79470199,3.2670701769368824,3.561777363410554,19447
2022,"Aug","Aaron Civale","CLE",21,84,9.85714286,2.14285714,4.6,0.85714286,0.27380952,0.05952381,0.21428571,0.181818181,0.9047619,0.23076923,0.71428571,3.1600500492822556,3.472817996286211,19479
2022,"Aug","Kyle Wright","ATL",32,125,8.4375,1.96875,4.28571429,1.40625,0.24,0.056,0.184,0.220338983,1.03125,0.25301205,0.92307692,3.924931001663208,2.957696510758251,19665
2022,"Aug","Dustin May","LAD",11,41,10.63636364,2.45454545,4.33333333,0,0.31707317,0.07317073,0.24390244,0.135135135,0.72727273,0.20833333,0.77777778,1.8397037289359355,2.916336022723805,19716
2022,"Aug","Shohei Ohtani","LAA",28.2,120,9.73255814,3.13953488,3.1,0.94186047,0.25833333,0.08333333,0.175,0.227272727,1.22093023,0.28947368,0.87662338,3.356617048146442,3.7002981061515223,19755
2022,"Aug","Keegan Thompson","CHC",16,77,5.0625,4.5,1.125,3.9375,0.11688312,0.1038961,0.01298701,0.338235294,1.9375,0.30769231,0.76576577,9.362431001663207,5.988008195348084,19795
2022,"Aug","Tucker Davidson","LAA",19,87,5.21052632,6.63157895,0.78571429,1.42105263,0.12643678,0.16091954,-0.03448276,0.260273972,1.73684211,0.27118644,0.76388889,6.217694159557945,6.0350028803474025,19871
2022,"Aug","Clarke Schmidt","NYY",4.1,20,14.53846155,2.07692308,7,0,0.35,0.05,0.3,0.444444444,2.07692308,0.66666667,0.55555556,0.5739694612490069,1.5988405878546683,19899
2022,"Aug","Jose Suarez","LAA",28.2,116,9.10465116,2.19767442,4.14285714,0.62790698,0.25,0.06034483,0.18965517,0.205607476,1.01162791,0.25974026,0.77205882,2.8333612342537973,3.5272490779885057,19911
2022,"Aug","Ian Anderson","ATL",10.2,48,5.90625,4.21875,1.4,0.84375,0.14583333,0.10416667,0.04166667,0.279069767,1.59375,0.31428571,0.70512821,4.424931001253052,4.87159658056658,19951
2022,"Aug","Jesus Luzardo","MIA",36.1,142,7.92660551,2.2293578,3.55555556,0.24770642,0.22535211,0.06338028,0.16197183,0.189393939,0.93577982,0.24,0.61349693,2.451880542887011,3.520126299091654,19959
2022,"Aug","Zach Plesac","CLE",23,100,7.82608696,3.52173913,2.22222222,1.95652174,0.2,0.09,0.11,0.252747252,1.39130435,0.27272727,0.8,5.3733005668806,4.349402449960294,19979
2022,"Aug","Bryse Wilson","PIT",26.2,114,5.0625,1.6875,3,2.3625,0.13157895,0.04385965,0.0877193,0.29245283,1.35,0.27906977,0.69852941,6.074931001292896,4.327846580964392,19990
2022,"Aug","Bailey Falter","PHI",18.1,69,7.36363636,0.98181818,7.5,1.47272727,0.2173913,0.02898551,0.1884058,0.184615384,0.76363636,0.19148936,0.93220339,4.257885547326018,3.98780352678826,20070
2022,"Aug","Adam Oller","OAK",29.2,120,3.64044944,3.94382022,0.92307692,0.60674157,0.1,0.10833333,-0.00833333,0.233644859,1.28089888,0.24731183,0.79545455,4.494453473418037,6.013253407741747,20132
2022,"Aug","Kyle Muller","ATL",5,19,9,1.8,5,1.8,0.26315789,0.05263158,0.21052632,0.166666666,0.8,0.16666667,0.76923077,4.312431001663208,3.192800405621529,20167
2022,"Aug","Zach Logue","OAK",15,64,6.6,3,2.2,2.4,0.171875,0.078125,0.09375,0.298245614,1.46666667,0.30232558,0.45977011,6.312431001663208,4.720898913343747,20231
2022,"Aug","Cory Abbott","WSN",18.2,85,7.23214286,5.30357143,1.36363636,2.41071429,0.17647059,0.12941176,0.04705882,0.222222222,1.44642857,0.21153846,0.77272727,7.076716715241014,6.370266490646159,20277
2022,"Aug","David Peterson","NYM",16,68,10.125,2.8125,3.6,0,0.26470588,0.07352941,0.19117647,0.245901639,1.25,0.34090909,0.85714286,1.9874310016632082,2.8201387913897635,20302
2022,"Aug","Matt Manning","DET",32.1,139,7.79381443,2.78350515,2.8,1.11340206,0.20143885,0.07194245,0.1294964,0.272,1.36082474,0.30927835,0.75520833,3.9165547130863136,4.36861522379656,20369
2022,"Aug","Kutter Crawford","BOS",29.2,135,8.19101124,3.94382022,2.07692308,1.82022472,0.2,0.0962963,0.1037037,0.325,1.75280899,0.375,0.60538117,5.337150102536835,4.8037404947175375,20531
2022,"Aug","Yusei Kikuchi","TOR",12.1,58,8.75675676,5.10810811,1.71428571,2.91891892,0.20689655,0.12068966,0.0862069,0.265306122,1.62162162,0.26470588,0.51948052,7.328647219018942,4.792850325529523,20633
2022,"Aug","Adrian Martinez","OAK",9.2,39,10.24137931,2.79310345,3.66666667,0.93103448,0.28205128,0.07692308,0.20512821,0.194444444,1.03448276,0.25,0.81395349,3.112431001663208,3.6053033650277193,21023
2022,"Aug","Glenn Otto Jr.","TEX",27.2,120,5.53012048,5.20481928,1.0625,0.97590361,0.14166667,0.13333333,0.00833333,0.178217821,1.22891566,0.18292683,0.81761006,5.244961121888204,5.494049731112698,21366
2022,"Aug","Joe Ryan","MIN",32.2,141,11.29591837,2.75510204,4.1,1.37755102,0.29078014,0.07092199,0.21985816,0.236220472,1.2244898,0.30864198,0.75675676,3.877737124034095,3.83659072720792,21390
2022,"Aug","Ryan Feltner","COL",30,131,6.9,3.9,1.76923077,2.1,0.17557252,0.09923664,0.07633588,0.275862068,1.5,0.28409091,0.68181818,5.912431001663208,4.704886599878471,21446
2022,"Aug","Davis Martin","CHW",8.2,38,5.19230769,5.19230769,1,1.03846154,0.13157895,0.13157895,0,0.21875,1.38461538,0.22222222,0.56603774,5.189354077787469,5.739096329210627,21448
2022,"Aug","Kris Bubic","KCR",31,143,6.67741935,4.06451613,1.64285714,1.16129032,0.16083916,0.0979021,0.06293706,0.3359375,1.83870968,0.38235294,0.70038911,4.660818098437401,4.654783554519376,21455
2022,"Aug","Shane McClanahan","TBR",25.1,101,8.52631579,2.48684211,3.42857143,0.35526316,0.23762376,0.06930693,0.16831683,0.206521739,1.02631579,0.26470588,0.7421875,2.678220475290286,2.6909832898561055,21483
2022,"Aug","Daniel Lynch IV","KCR",32,141,6.75,2.8125,2.4,1.125,0.17021277,0.07092199,0.09929078,0.279069767,1.4375,0.31372549,0.77294686,4.268681001663208,4.494142756611109,21537
2022,"Aug","Edward Cabrera","MIA",28.1,110,10.48235294,4.12941177,2.53846154,0.63529412,0.3,0.11818182,0.18181818,0.136842105,0.91764706,0.18333333,0.87301587,3.2889015899192637,3.5729661649306137,21690
2022,"Aug","Javier Assad","CHC",9,41,4,6,0.66666667,0,0.09756098,0.14634146,-0.04878049,0.228571428,1.55555556,0.25806452,1,4.22354211277432,5.868397006061342,21741
2022,"Aug","Braxton Garrett","MIA",16.1,71,8.81632653,2.75510204,3.2,1.10204082,0.22535211,0.07042254,0.15492958,0.253968253,1.28571429,0.31111111,0.8490566,4.214471818214645,3.6196185595345645,21844
2022,"Aug","Cole Ragans","TEX",18.1,82,4.41818182,4.90909091,0.9,1.96363636,0.1097561,0.12195122,-0.01219512,0.25,1.52727273,0.23728814,0.80357143,6.603340093207009,6.108651695742047,21846
2022,"Aug","Jonathan Heasley","KCR",15,66,8.4,4.2,2,2.4,0.21212121,0.10606061,0.10606061,0.258620689,1.46666667,0.275,0.97701149,6.312431001663208,4.819590206940969,22224
2022,"Aug","Logan Gilbert","SEA",26.2,121,5.0625,3.0375,1.66666667,1.35,0.12396694,0.07438017,0.04958678,0.333333333,1.6875,0.34782609,0.61881188,5.0624310014194585,5.444012812606115,22250
2022,"Aug","Tarik Skubal","DET",5,19,7.2,3.6,2,0,0.21052632,0.10526316,0.10526316,0.176470588,1,0.23076923,1,2.7124310016632083,4.192800405621529,22267
2022,"Aug","Trevor Rogers","MIA",6,23,7.5,1.5,5,0,0.2173913,0.04347826,0.17391304,0.227272727,1,0.29411765,0.83333333,1.9457643349965419,3.4261337389548627,22286
2022,"Aug","Josh Winckowski","BOS",18.1,85,4.90909091,3.43636364,1.42857143,1.47272727,0.11764706,0.08235294,0.03529412,0.307692307,1.69090909,0.32307692,0.55970149,5.294249183878084,4.862672319242783,22387
2022,"Aug","Roansy Contreras","PIT",18,75,7.5,4.5,1.66666667,0.5,0.2,0.12,0.08,0.196969696,1.22222222,0.24,0.77669903,3.6679865572187635,4.590619228283565,22810
2022,"Aug","Spencer Howard","TEX",7.1,41,7.36363637,3.68181818,2,2.45454546,0.14634146,0.07317073,0.07317073,0.388888888,2.31818182,0.4137931,0.39473684,6.657885548729324,5.332985108610032,23252
2022,"Aug","Janson Junk","LAA",2.1,13,7.71428573,7.71428573,1,3.85714286,0.15384615,0.15384615,0,0.454545454,3,0.5,0.17857143,9.54100243941831,5.872905953553156,23301
2022,"Aug","JP Sears","OAK",21.1,85,4.640625,3.375,1.375,0.84375,0.12941176,0.09411765,0.03529412,0.272727272,1.359375,0.296875,0.8778626,4.424931001868286,4.8022042655698,23429
2022,"Aug","Aaron Ashby","MIL",15.2,69,10.34042553,4.02127659,2.57142857,2.29787234,0.26086957,0.10144928,0.15942029,0.233333333,1.34042553,0.25641026,0.6097561,5.665622490481677,3.6693568518904467,23550
2022,"Aug","Luis Garcia","HOU",29,125,7.75862069,2.79310345,2.77777778,0.93103448,0.2,0.072,0.128,0.304347826,1.51724138,0.36363636,0.67839196,3.664155139594243,4.361216386433306,23735
2022,"Aug","Brayan Bello","BOS",9,41,9,4,2.25,0,0.2195122,0.09756098,0.12195122,0.305555555,1.66666667,0.39285714,0.66666667,2.4457643349965417,3.5971627602974574,23920
2022,"Aug","Josiah Gray","WSN",21.1,96,9.28125,4.21875,2.2,3.375,0.22916667,0.10416667,0.125,0.244186046,1.453125,0.23214286,0.95959596,7.331181002322388,4.81551973948789,24580
2022,"Aug","Kyle Bradish","BAL",28.2,121,8.1627907,3.45348837,2.36363636,0.94186047,0.21487603,0.09090909,0.12396694,0.235849056,1.25581395,0.28205128,0.83333333,4.12405890852232,4.157895207595409,24586
2022,"Aug","Garrett Hill","DET",16.2,73,5.4,3.78,1.42857143,1.08,0.1369863,0.09589041,0.04109589,0.21875,1.26,0.23076923,0.89108911,5.092431001267208,5.664162942852843,25097
2022,"Aug","Brady Singer","KCR",37,152,8.02702703,2.18918919,3.66666667,0.97297297,0.21710526,0.05921053,0.15789474,0.253623188,1.18918919,0.30097087,0.84541063,3.707025596257803,3.50191970757536,25377
2022,"Aug","Drew Rasmussen","TBR",34.1,125,8.65048544,1.04854369,8.25,0.52427184,0.264,0.032,0.232,0.159663865,0.66990291,0.19767442,0.84158416,2.296897021001506,3.005612353145543,25385
2022,"Aug","George Kirby","SEA",29.1,120,10.43181818,0.92045455,11.33333333,0,0.28333333,0.025,0.25833333,0.263157894,1.125,0.37037037,0.8,1.305612819639706,2.9710283992820687,25436
2022,"Aug","Xzavion Curry","CLE",5,22,5.4,1.8,3,0,0.13636364,0.04545455,0.09090909,0.38095238,1.8,0.44444444,0.66666667,2.512431001663208,4.584948167204857,25595
2022,"Aug","Hunter Gaddis","CLE",3.1,19,5.40000001,5.40000001,1,5.40000001,0.10526316,0.10526316,0,0.411764705,2.7,0.38461538,0.16129032,11.512431010063207,8.153539218579278,25636
2022,"Aug","Ryan Pepiot","LAD",15,66,10.2,6,1.7,3,0.25757576,0.15151515,0.10606061,0.218181818,1.46666667,0.21212121,0.875,7.379097668329875,5.710429262121519,26221
2022,"Aug","Tommy Henry","ARI",31.2,139,6.5368421,4.54736842,1.4375,0.85263158,0.16546763,0.11510791,0.05035971,0.258333333,1.48421053,0.29473684,0.71428571,4.596641527822765,5.094757357658475,26285
2022,"Aug","Bryan Hoeing","MIA",3,17,6,3,2,6,0.11764706,0.05882353,0.05882353,0.5,3,0.5,0.32258065,11.445764334996543,4.259467072288196,26304
2022,"Aug","Nick Lodolo","CIN",28.2,122,8.79069767,4.08139535,2.15384615,0.94186047,0.2295082,0.10655738,0.12295082,0.233009708,1.29069767,0.29166667,0.74742268,4.50777983871026,4.696538517249344,26378
2022,"Aug","Alek Manoah","TOR",29.2,127,10.01123595,3.94382022,2.53846154,0.60674157,0.25984252,0.1023622,0.15748032,0.201834862,1.17977528,0.26666667,0.74585635,3.4832175184754792,3.954115515283513,26410
2022,"Aug","Reid Detmers","LAA",21.2,97,9.96923077,3.73846154,2.66666667,0.83076923,0.24742268,0.09278351,0.15463918,0.297619047,1.56923077,0.37704918,0.86956522,3.4816617708371727,3.8531308303665486,27468
2022,"Aug","Cade Cavalli","WSN",4.1,23,12.46153847,4.15384616,3,0,0.26086957,0.08695652,0.17391304,0.333333333,1.84615385,0.5,0.36363636,3.804738694503445,5.512857238846213,27473
2022,"Aug","Spencer Strider","ATL",26.1,107,12.98734177,2.39240506,5.42857143,0.34177215,0.35514019,0.06542056,0.28971963,0.212121212,1.06329114,0.33333333,0.76086957,1.6314183432478901,2.3182952097826113,27498
2022,"Aug","Kohei Arihara","TEX",15,70,7.2,3,2.4,1.2,0.17142857,0.07142857,0.1,0.322580645,1.66666667,0.375,0.75396825,4.845764334996542,4.099343937635422,27505
2022,"Aug","Graham Ashcraft","CIN",27,110,6,2,3,0.66666667,0.16363636,0.05454545,0.10909091,0.24,1.11111111,0.26829268,0.78767123,3.630949520181727,3.545242500305176,27552